date,iso_code,S,V,I,daily_R0,avg_R0
2023-01-19,OWID_WRL,7326239607,596963635,8352575,0.7054940006462889,0.9036582308828446
2023-01-20,OWID_WRL,7330646477,592922084,8183117,0.7054940006462889,0.9036582308828446
2023-01-21,OWID_WRL,7335015920,588914435,8017230,0.7054940006462889,0.9036582308828446
2023-01-22,OWID_WRL,7339348167,584940535,7854834,0.7054940006462889,0.9036582308828446
2023-01-23,OWID_WRL,7343643453,581000223,7695851,0.7054940006462889,0.9036582308828446
2023-01-24,OWID_WRL,7347902014,577093340,7540208,0.7054940006462889,0.9036582308828446
2023-01-25,OWID_WRL,7352124086,573219721,7387829,0.7054940006462889,0.9036582308828446
2023-01-26,OWID_WRL,7356309906,569379199,7238643,0.7054940006462889,0.9036582308828446
2023-01-27,OWID_WRL,7360459713,565571607,7092581,0.7054940006462889,0.9036582308828446
2023-01-28,OWID_WRL,7364573745,561796773,6949573,0.7054940006462889,0.9036582308828446
2023-01-29,OWID_WRL,7368652241,558054522,6809553,0.7054940006462889,0.9036582308828446
2023-01-30,OWID_WRL,7372695443,554344681,6672455,0.7054940006462889,0.9036582308828446
2023-01-31,OWID_WRL,7376703590,550667071,6538215,0.7054940006462889,0.9036582308828446
2023-02-01,OWID_WRL,7380676923,547021512,6406772,0.7054940006462889,0.9036582308828446
2023-02-02,OWID_WRL,7384615685,543407823,6278063,0.7054940006462889,0.9036582308828446
2023-02-03,OWID_WRL,7388520116,539825822,6152030,0.7054940006462889,0.9036582308828446
2023-02-04,OWID_WRL,7392390459,536275324,6028614,0.7054940006462889,0.9036582308828446
2023-02-05,OWID_WRL,7396226955,532756143,5907759,0.7054940006462889,0.9036582308828446
2023-02-06,OWID_WRL,7400029846,529268093,5789408,0.7054940006462889,0.9036582308828446
2023-02-07,OWID_WRL,7403799375,525810984,5673508,0.7054940006462889,0.9036582308828446
2023-02-08,OWID_WRL,7407535784,522384626,5560006,0.7054940006462889,0.9036582308828446
2023-02-09,OWID_WRL,7411239315,518988829,5448849,0.7054940006462889,0.9036582308828446
2023-02-10,OWID_WRL,7414910209,515623401,5339988,0.7054940006462889,0.9036582308828446
2023-02-11,OWID_WRL,7418548708,512288148,5233372,0.7054940006462889,0.9036582308828446
2023-02-12,OWID_WRL,7422155054,508982879,5128954,0.7054940006462889,0.9036582308828446
2023-02-13,OWID_WRL,7425729487,505707396,5026686,0.7054940006462889,0.9036582308828446
2023-02-14,OWID_WRL,7429272249,502461507,4926521,0.7054940006462889,0.9036582308828446
2023-02-15,OWID_WRL,7432783580,499245015,4828416,0.7054940006462889,0.9036582308828446
2023-02-16,OWID_WRL,7436263720,496057722,4732325,0.7054940006462889,0.9036582308828446
2023-02-17,OWID_WRL,7439712907,492899434,4638206,0.7054940006462889,0.9036582308828446
2023-02-18,OWID_WRL,7443131382,489769952,4546016,0.7054940006462889,0.9036582308828446
2023-02-19,OWID_WRL,7446519382,486669078,4455714,0.7054940006462889,0.9036582308828446
2023-02-20,OWID_WRL,7449877145,483596615,4367260,0.7054940006462889,0.9036582308828446
2023-02-21,OWID_WRL,7453204908,480552363,4280615,0.7054940006462889,0.9036582308828446
2023-02-22,OWID_WRL,7456502908,477536126,4195740,0.7054940006462889,0.9036582308828446
2023-02-23,OWID_WRL,7459771381,474547704,4112597,0.7054940006462889,0.9036582308828446
2023-02-24,OWID_WRL,7463010561,471586898,4031150,0.7054940006462889,0.9036582308828446
2023-02-25,OWID_WRL,7466220683,468653510,3951362,0.7054940006462889,0.9036582308828446
2023-02-26,OWID_WRL,7469401979,465747340,3873199,0.7054940006462889,0.9036582308828446
2023-02-27,OWID_WRL,7472554684,462868191,3796627,0.7054940006462889,0.9036582308828446
2023-02-28,OWID_WRL,7475679028,460015864,3721610,0.7054940006462889,0.9036582308828446
2023-03-01,OWID_WRL,7478775242,457190159,3648118,0.7054940006462889,0.9036582308828446
2023-03-02,OWID_WRL,7481843557,454390880,3576117,0.7054940006462889,0.9036582308828446
2023-03-03,OWID_WRL,7484884201,451617827,3505576,0.7054940006462889,0.9036582308828446
2023-03-04,OWID_WRL,7487897403,448870803,3436464,0.7054940006462889,0.9036582308828446
2023-03-05,OWID_WRL,7490883389,446149611,3368752,0.7054940006462889,0.9036582308828446
2023-03-06,OWID_WRL,7493842386,443454053,3302409,0.7054940006462889,0.9036582308828446
2023-03-07,OWID_WRL,7496774619,440783934,3237408,0.7054940006462889,0.9036582308828446
2023-03-08,OWID_WRL,7499680311,438139055,3173720,0.7054940006462889,0.9036582308828446
2023-03-09,OWID_WRL,7502559687,435519222,3111318,0.7054940006462889,0.9036582308828446
2023-03-10,OWID_WRL,7505412967,432924239,3050174,0.7054940006462889,0.9036582308828446
2023-03-11,OWID_WRL,7508240372,430353912,2990262,0.7054940006462889,0.9036582308828446
2023-03-12,OWID_WRL,7511042123,427808045,2931558,0.7054940006462889,0.9036582308828446
2023-03-13,OWID_WRL,7513818437,425286446,2874034,0.7054940006462889,0.9036582308828446
2023-03-14,OWID_WRL,7516569533,422788921,2817668,0.7054940006462889,0.9036582308828446
2023-03-15,OWID_WRL,7519295626,420315277,2762434,0.7054940006462889,0.9036582308828446
2023-03-16,OWID_WRL,7521996932,417865323,2708310,0.7054940006462889,0.9036582308828446
2023-03-17,OWID_WRL,7524673665,415438867,2655272,0.7054940006462889,0.9036582308828446
2023-03-18,OWID_WRL,7527326037,413035719,2603297,0.7054940006462889,0.9036582308828446
2023-03-19,OWID_WRL,7529954259,410655689,2552364,0.7054940006462889,0.9036582308828446
2023-03-20,OWID_WRL,7532558544,408298588,2502452,0.7054940006462889,0.9036582308828446
2023-03-21,OWID_WRL,7535139098,405964227,2453538,0.7054940006462889,0.9036582308828446
2023-03-22,OWID_WRL,7537696131,403652420,2405602,0.7054940006462889,0.9036582308828446
2023-03-23,OWID_WRL,7540229849,401362979,2358625,0.7054940006462889,0.9036582308828446
2023-03-24,OWID_WRL,7542740457,399095719,2312585,0.7054940006462889,0.9036582308828446
2023-03-25,OWID_WRL,7545228159,396850453,2267465,0.7054940006462889,0.9036582308828446
2023-03-26,OWID_WRL,7547693159,394626999,2223245,0.7054940006462889,0.9036582308828446
2023-03-27,OWID_WRL,7550135659,392425173,2179906,0.7054940006462889,0.9036582308828446
2023-03-28,OWID_WRL,7552555857,390244792,2137431,0.7054940006462889,0.9036582308828446
2023-03-29,OWID_WRL,7554953954,388085675,2095801,0.7054940006462889,0.9036582308828446
2023-03-30,OWID_WRL,7557330147,385947641,2055000,0.7054940006462889,0.9036582308828446
2023-03-31,OWID_WRL,7559684633,383830510,2015010,0.7054940006462889,0.9036582308828446
2023-04-01,OWID_WRL,7562017607,381734104,1975814,0.7054940006462889,0.9036582308828446
2023-04-02,OWID_WRL,7564329263,379658244,1937397,0.7054940006462889,0.9036582308828446
2023-04-03,OWID_WRL,7566619793,377602754,1899743,0.7054940006462889,0.9036582308828446
2023-04-04,OWID_WRL,7568889389,375567457,1862835,0.7054940006462889,0.9036582308828446
2023-04-05,OWID_WRL,7571138241,373552179,1826659,0.7054940006462889,0.9036582308828446
2023-04-06,OWID_WRL,7573366538,371556746,1791200,0.7054940006462889,0.9036582308828446
2023-04-07,OWID_WRL,7575574467,369580985,1756443,0.7054940006462889,0.9036582308828446
2023-04-08,OWID_WRL,7577762213,367624724,1722374,0.7054940006462889,0.9036582308828446
2023-04-09,OWID_WRL,7579929963,365687791,1688978,0.7054940006462889,0.9036582308828446
2023-04-10,OWID_WRL,7582077898,363770017,1656243,0.7054940006462889,0.9036582308828446
2023-04-11,OWID_WRL,7584206203,361871233,1624154,0.7054940006462889,0.9036582308828446
2023-04-12,OWID_WRL,7586315056,359991270,1592699,0.7054940006462889,0.9036582308828446
2023-04-13,OWID_WRL,7588404639,358129963,1561865,0.7054940006462889,0.9036582308828446
2023-04-14,OWID_WRL,7590475128,356287145,1531639,0.7054940006462889,0.9036582308828446
2023-04-15,OWID_WRL,7592526702,354462652,1502008,0.7054940006462889,0.9036582308828446
2023-04-16,OWID_WRL,7594559535,352656319,1472962,0.7054940006462889,0.9036582308828446
2023-04-17,OWID_WRL,7596573802,350867984,1444487,0.7054940006462889,0.9036582308828446
2023-04-18,OWID_WRL,7598569677,349097486,1416573,0.7054940006462889,0.9036582308828446
2023-04-19,OWID_WRL,7600547330,347344664,1389208,0.7054940006462889,0.9036582308828446
2023-04-20,OWID_WRL,7602506932,345609358,1362381,0.7054940006462889,0.9036582308828446
2023-04-21,OWID_WRL,7604448652,343891409,1336080,0.7054940006462889,0.9036582308828446
2023-04-22,OWID_WRL,7606372659,342190662,1310297,0.7054940006462889,0.9036582308828446
2023-04-23,OWID_WRL,7608279118,340506958,1285020,0.7054940006462889,0.9036582308828446
2023-04-24,OWID_WRL,7610168195,338840144,1260238,0.7054940006462889,0.9036582308828446
2023-04-25,OWID_WRL,7612040054,337190065,1235943,0.7054940006462889,0.9036582308828446
2023-04-26,OWID_WRL,7613894857,335556568,1212124,0.7054940006462889,0.9036582308828446
2023-04-27,OWID_WRL,7615732766,333939500,1188771,0.7054940006462889,0.9036582308828446
2023-04-28,OWID_WRL,7617553941,332338712,1165876,0.7054940006462889,0.9036582308828446
2023-04-29,OWID_WRL,7619358541,330754053,1143429,0.7054940006462889,0.9036582308828446
2023-04-30,OWID_WRL,7621146724,329185374,1121420,0.7054940006462889,0.9036582308828446
2023-05-01,OWID_WRL,7622918645,327632528,1099843,0.7054940006462889,0.9036582308828446
2023-05-02,OWID_WRL,7624674460,326095368,1078687,0.7054940006462889,0.9036582308828446
2023-05-03,OWID_WRL,7626414323,324573749,1057944,0.7054940006462889,0.9036582308828446
2023-05-04,OWID_WRL,7628138387,323067527,1037607,0.7054940006462889,0.9036582308828446
2023-05-05,OWID_WRL,7629846801,321576557,1017666,0.7054940006462889,0.9036582308828446
2023-05-06,OWID_WRL,7631539718,320100698,998114,0.7054940006462889,0.9036582308828446
2023-05-07,OWID_WRL,7633217285,318639808,978944,0.7054940006462889,0.9036582308828446
2023-05-08,OWID_WRL,7634879651,317193747,960147,0.7054940006462889,0.9036582308828446
2023-05-09,OWID_WRL,7636526961,315762376,941717,0.7054940006462889,0.9036582308828446
2023-05-10,OWID_WRL,7638159361,314345558,923645,0.7054940006462889,0.9036582308828446
2023-05-11,OWID_WRL,7639776995,312943155,905926,0.7054940006462889,0.9036582308828446
2023-05-12,OWID_WRL,7641380005,311555031,888551,0.7054940006462889,0.9036582308828446
2023-05-13,OWID_WRL,7642968534,310181051,871514,0.7054940006462889,0.9036582308828446
2023-05-14,OWID_WRL,7644542721,308821082,854808,0.7054940006462889,0.9036582308828446
2023-05-15,OWID_WRL,7646102706,307474991,838427,0.7054940006462889,0.9036582308828446
2023-05-16,OWID_WRL,7647648627,306142647,822364,0.7054940006462889,0.9036582308828446
2023-05-17,OWID_WRL,7649180621,304823918,806614,0.7054940006462889,0.9036582308828446
2023-05-18,OWID_WRL,7650698823,303518675,791169,0.7054940006462889,0.9036582308828446
2023-05-19,OWID_WRL,7652203368,302226789,776023,0.7054940006462889,0.9036582308828446
2023-05-20,OWID_WRL,7653694390,300948133,761172,0.7054940006462889,0.9036582308828446
2023-05-21,OWID_WRL,7655172020,299682581,746608,0.7054940006462889,0.9036582308828446
2023-05-22,OWID_WRL,7656636389,298430006,732326,0.7054940006462889,0.9036582308828446
2023-05-23,OWID_WRL,7658087628,297190286,718322,0.7054940006462889,0.9036582308828446
2023-05-24,OWID_WRL,7659525866,295963295,704588,0.7054940006462889,0.9036582308828446
2023-05-25,OWID_WRL,7660951229,294748912,691121,0.7054940006462889,0.9036582308828446
2023-05-26,OWID_WRL,7662363845,293547015,677914,0.7054940006462889,0.9036582308828446
2023-05-27,OWID_WRL,7663763839,292357484,664962,0.7054940006462889,0.9036582308828446
2023-05-28,OWID_WRL,7665151336,291180200,652261,0.7054940006462889,0.9036582308828446
2023-05-29,OWID_WRL,7666526458,290015044,639805,0.7054940006462889,0.9036582308828446
2023-05-30,OWID_WRL,7667889328,288861898,627591,0.7054940006462889,0.9036582308828446
2023-05-31,OWID_WRL,7669240066,287720647,615612,0.7054940006462889,0.9036582308828446
2023-06-01,OWID_WRL,7670578794,286591174,603864,0.7054940006462889,0.9036582308828446
2023-06-02,OWID_WRL,7671905630,285473366,592343,0.7054940006462889,0.9036582308828446
2023-06-03,OWID_WRL,7673220691,284367109,581045,0.7054940006462889,0.9036582308828446
2023-06-04,OWID_WRL,7674524095,283272290,569965,0.7054940006462889,0.9036582308828446
2023-06-05,OWID_WRL,7675815957,282188798,559098,0.7054940006462889,0.9036582308828446
2023-06-06,OWID_WRL,7677096393,281116522,548441,0.7054940006462889,0.9036582308828446
2023-06-07,OWID_WRL,7678365515,280055353,537989,0.7054940006462889,0.9036582308828446
2023-06-08,OWID_WRL,7679623436,279005181,527738,0.7054940006462889,0.9036582308828446
2023-06-09,OWID_WRL,7680870269,277965900,517685,0.7054940006462889,0.9036582308828446
2023-06-10,OWID_WRL,7682106123,276937401,507825,0.7054940006462889,0.9036582308828446
2023-06-11,OWID_WRL,7683331109,275919581,498156,0.7054940006462889,0.9036582308828446
2023-06-12,OWID_WRL,7684545335,274912332,488672,0.7054940006462889,0.9036582308828446
2023-06-13,OWID_WRL,7685748908,273915552,479371,0.7054940006462889,0.9036582308828446
2023-06-14,OWID_WRL,7686941936,272929137,470248,0.7054940006462889,0.9036582308828446
2023-06-15,OWID_WRL,7688124523,271952985,461301,0.7054940006462889,0.9036582308828446
2023-06-16,OWID_WRL,7689296775,270986995,452526,0.7054940006462889,0.9036582308828446
2023-06-17,OWID_WRL,7690458796,270031066,443919,0.7054940006462889,0.9036582308828446
2023-06-18,OWID_WRL,7691610687,269085098,435478,0.7054940006462889,0.9036582308828446
2023-06-19,OWID_WRL,7692752552,268148994,427199,0.7054940006462889,0.9036582308828446
2023-06-20,OWID_WRL,7693884490,267222654,419079,0.7054940006462889,0.9036582308828446
2023-06-21,OWID_WRL,7695006603,266305983,411114,0.7054940006462889,0.9036582308828446
2023-06-22,OWID_WRL,7696118988,265398885,403303,0.7054940006462889,0.9036582308828446
2023-06-23,OWID_WRL,7697221744,264501263,395641,0.7054940006462889,0.9036582308828446
2023-06-24,OWID_WRL,7698314968,263613024,388126,0.7054940006462889,0.9036582308828446
2023-06-25,OWID_WRL,7699398757,262734075,380755,0.7054940006462889,0.9036582308828446
2023-06-26,OWID_WRL,7700473205,261864322,373526,0.7054940006462889,0.9036582308828446
2023-06-27,OWID_WRL,7701538408,261003674,366435,0.7054940006462889,0.9036582308828446
2023-06-28,OWID_WRL,7702594458,260152041,359480,0.7054940006462889,0.9036582308828446
2023-06-29,OWID_WRL,7703641449,259309331,352658,0.7054940006462889,0.9036582308828446
2023-06-30,OWID_WRL,7704679473,258475456,345966,0.7054940006462889,0.9036582308828446
2023-07-01,OWID_WRL,7705708619,257650327,339403,0.7054940006462889,0.9036582308828446
2023-07-02,OWID_WRL,7706728980,256833856,332965,0.7054940006462889,0.9036582308828446
2023-07-03,OWID_WRL,7707740643,256025957,326650,0.7054940006462889,0.9036582308828446
2023-07-04,OWID_WRL,7708743697,255226544,320456,0.7054940006462889,0.9036582308828446
2023-07-05,OWID_WRL,7709738229,254435531,314381,0.7054940006462889,0.9036582308828446
2023-07-06,OWID_WRL,7710724328,253652833,308421,0.7054940006462889,0.9036582308828446
2023-07-07,OWID_WRL,7711702077,252878368,302576,0.7054940006462889,0.9036582308828446
2023-07-08,OWID_WRL,7712671563,252112052,296842,0.7054940006462889,0.9036582308828446
2023-07-09,OWID_WRL,7713632870,251353804,291218,0.7054940006462889,0.9036582308828446
2023-07-10,OWID_WRL,7714586080,250603540,285701,0.7054940006462889,0.9036582308828446
2023-07-11,OWID_WRL,7715531278,249861182,280290,0.7054940006462889,0.9036582308828446
2023-07-12,OWID_WRL,7716468544,249126650,274981,0.7054940006462889,0.9036582308828446
2023-07-13,OWID_WRL,7717397960,248399863,269774,0.7054940006462889,0.9036582308828446
2023-07-14,OWID_WRL,7718319607,247680744,264667,0.7054940006462889,0.9036582308828446
2023-07-15,OWID_WRL,7719233562,246969215,259657,0.7054940006462889,0.9036582308828446
2023-07-16,OWID_WRL,7720139907,246265199,254742,0.7054940006462889,0.9036582308828446
2023-07-17,OWID_WRL,7721038717,245568620,249921,0.7054940006462889,0.9036582308828446
2023-07-18,OWID_WRL,7721930072,244879402,245192,0.7054940006462889,0.9036582308828446
2023-07-19,OWID_WRL,7722814046,244197471,240553,0.7054940006462889,0.9036582308828446
2023-07-20,OWID_WRL,7723690717,243522753,236003,0.7054940006462889,0.9036582308828446
2023-07-21,OWID_WRL,7724560158,242855174,231539,0.7054940006462889,0.9036582308828446
2023-07-22,OWID_WRL,7725422445,242194662,227160,0.7054940006462889,0.9036582308828446
2023-07-23,OWID_WRL,7726277650,241541145,222865,0.7054940006462889,0.9036582308828446
2023-07-24,OWID_WRL,7727125847,240894551,218651,0.7054940006462889,0.9036582308828446
2023-07-25,OWID_WRL,7727967108,240254809,214518,0.7054940006462889,0.9036582308828446
2023-07-26,OWID_WRL,7728801504,239621851,210463,0.7054940006462889,0.9036582308828446
2023-07-27,OWID_WRL,7729629106,238995607,206485,0.7054940006462889,0.9036582308828446
2023-07-28,OWID_WRL,7730449985,238376007,202583,0.7054940006462889,0.9036582308828446
2023-07-29,OWID_WRL,7731264208,237762985,198755,0.7054940006462889,0.9036582308828446
2023-07-30,OWID_WRL,7732071846,237156472,195000,0.7054940006462889,0.9036582308828446
2023-07-31,OWID_WRL,7732872966,236556403,191317,0.7054940006462889,0.9036582308828446
2023-08-01,OWID_WRL,7733667635,235962711,187703,0.7054940006462889,0.9036582308828446
2023-08-02,OWID_WRL,7734455920,235375330,184158,0.7054940006462889,0.9036582308828446
2023-08-03,OWID_WRL,7735237888,234794197,180681,0.7054940006462889,0.9036582308828446
2023-08-04,OWID_WRL,7736013603,234219247,177269,0.7054940006462889,0.9036582308828446
2023-08-05,OWID_WRL,7736783130,233650417,173923,0.7054940006462889,0.9036582308828446
2023-08-06,OWID_WRL,7737546533,233087644,170640,0.7054940006462889,0.9036582308828446
2023-08-07,OWID_WRL,7738303876,232530865,167419,0.7054940006462889,0.9036582308828446
2023-08-08,OWID_WRL,7739055222,231980018,164259,0.7054940006462889,0.9036582308828446
2023-08-09,OWID_WRL,7739800633,231435044,161160,0.7054940006462889,0.9036582308828446
2023-08-10,OWID_WRL,7740540170,230895881,158119,0.7054940006462889,0.9036582308828446
2023-08-11,OWID_WRL,7741273894,230362469,155136,0.7054940006462889,0.9036582308828446
2023-08-12,OWID_WRL,7742001866,229834750,152209,0.7054940006462889,0.9036582308828446
2023-08-13,OWID_WRL,7742724145,229312664,149338,0.7054940006462889,0.9036582308828446
2023-08-14,OWID_WRL,7743440791,228796154,146522,0.7054940006462889,0.9036582308828446
2023-08-15,OWID_WRL,7744151862,228285161,143759,0.7054940006462889,0.9036582308828446
2023-08-16,OWID_WRL,7744857416,227779630,141048,0.7054940006462889,0.9036582308828446
2023-08-17,OWID_WRL,7745557511,227279503,138388,0.7054940006462889,0.9036582308828446
2023-08-18,OWID_WRL,7746252203,226784724,135779,0.7054940006462889,0.9036582308828446
2023-08-19,OWID_WRL,7746941549,226295239,133220,0.7054940006462889,0.9036582308828446
2023-08-20,OWID_WRL,7747625604,225810992,130709,0.7054940006462889,0.9036582308828446
2023-08-21,OWID_WRL,7748304424,225331929,128245,0.7054940006462889,0.9036582308828446
2023-08-22,OWID_WRL,7748978063,224857997,125829,0.7054940006462889,0.9036582308828446
2023-08-23,OWID_WRL,7749646576,224389143,123458,0.7054940006462889,0.9036582308828446
2023-08-24,OWID_WRL,7750310014,223925313,121131,0.7054940006462889,0.9036582308828446
2023-08-25,OWID_WRL,7750968433,223466456,118849,0.7054940006462889,0.9036582308828446
2023-08-26,OWID_WRL,7751621884,223012519,116610,0.7054940006462889,0.9036582308828446
2023-08-27,OWID_WRL,7752270418,222563453,114414,0.7054940006462889,0.9036582308828446
2023-08-28,OWID_WRL,7752914089,222119206,112259,0.7054940006462889,0.9036582308828446
2023-08-29,OWID_WRL,7753552945,221679728,110145,0.7054940006462889,0.9036582308828446
2023-08-30,OWID_WRL,7754187038,221244970,108071,0.7054940006462889,0.9036582308828446
2023-08-31,OWID_WRL,7754816417,220814882,106036,0.7054940006462889,0.9036582308828446
2023-09-01,OWID_WRL,7755441132,220389416,104039,0.7054940006462889,0.9036582308828446
2023-09-02,OWID_WRL,7756061232,219968524,102081,0.7054940006462889,0.9036582308828446
2023-09-03,OWID_WRL,7756676765,219552158,100159,0.7054940006462889,0.9036582308828446
2023-09-04,OWID_WRL,7757287779,219140272,98274,0.7054940006462889,0.9036582308828446
2023-09-05,OWID_WRL,7757894320,218732817,96424,0.7054940006462889,0.9036582308828446
2023-09-06,OWID_WRL,7758496437,218329749,94609,0.7054940006462889,0.9036582308828446
2023-09-07,OWID_WRL,7759094176,217931021,92829,0.7054940006462889,0.9036582308828446
2023-09-08,OWID_WRL,7759687582,217536589,91082,0.7054940006462889,0.9036582308828446
2023-09-09,OWID_WRL,7760276700,217146406,89368,0.7054940006462889,0.9036582308828446
2023-09-10,OWID_WRL,7760861577,216760429,87687,0.7054940006462889,0.9036582308828446
2023-09-11,OWID_WRL,7761442257,216378614,86037,0.7054940006462889,0.9036582308828446
2023-09-12,OWID_WRL,7762018782,216000918,84419,0.7054940006462889,0.9036582308828446
2023-09-13,OWID_WRL,7762591198,215627296,82831,0.7054940006462889,0.9036582308828446
2023-09-14,OWID_WRL,7763159548,215257708,81273,0.7054940006462889,0.9036582308828446
2023-09-15,OWID_WRL,7763723874,214892110,79745,0.7054940006462889,0.9036582308828446
2023-09-16,OWID_WRL,7764284218,214530460,78245,0.7054940006462889,0.9036582308828446
2023-09-17,OWID_WRL,7764840623,214172718,76774,0.7054940006462889,0.9036582308828446
2023-09-18,OWID_WRL,7765393130,213818842,75330,0.7054940006462889,0.9036582308828446
2023-09-19,OWID_WRL,7765941779,213468792,73914,0.7054940006462889,0.9036582308828446
2023-09-20,OWID_WRL,7766486613,213122528,72524,0.7054940006462889,0.9036582308828446
2023-09-21,OWID_WRL,7767027670,212780010,71161,0.7054940006462889,0.9036582308828446
2023-09-22,OWID_WRL,7767564990,212441198,69823,0.7054940006462889,0.9036582308828446
2023-09-23,OWID_WRL,7768098614,212106055,68511,0.7054940006462889,0.9036582308828446
2023-09-24,OWID_WRL,7768628580,211774540,67223,0.7054940006462889,0.9036582308828446
2023-09-25,OWID_WRL,7769154926,211446617,65960,0.7054940006462889,0.9036582308828446
2023-09-26,OWID_WRL,7769677691,211122248,64720,0.7054940006462889,0.9036582308828446
2023-09-27,OWID_WRL,7770196912,210801394,63504,0.7054940006462889,0.9036582308828446
2023-09-28,OWID_WRL,7770712628,210484019,62311,0.7054940006462889,0.9036582308828446
2023-09-29,OWID_WRL,7771224874,210170088,61140,0.7054940006462889,0.9036582308828446
2023-09-30,OWID_WRL,7771733688,209859562,59991,0.7054940006462889,0.9036582308828446
2023-10-01,OWID_WRL,7772239106,209552407,58864,0.7054940006462889,0.9036582308828446
2023-10-02,OWID_WRL,7772741163,209248586,57759,0.7054940006462889,0.9036582308828446
2023-10-03,OWID_WRL,7773239896,208948066,56674,0.7054940006462889,0.9036582308828446
2023-10-04,OWID_WRL,7773735339,208650811,55609,0.7054940006462889,0.9036582308828446
2023-10-05,OWID_WRL,7774227528,208356786,54565,0.7054940006462889,0.9036582308828446
2023-10-06,OWID_WRL,7774716496,208065958,53540,0.7054940006462889,0.9036582308828446
2023-10-07,OWID_WRL,7775202278,207778293,52535,0.7054940006462889,0.9036582308828446
2023-10-08,OWID_WRL,7775684907,207493758,51548,0.7054940006462889,0.9036582308828446
2023-10-09,OWID_WRL,7776164417,207212319,50580,0.7054940006462889,0.9036582308828446
2023-10-10,OWID_WRL,7776640841,206933944,49630,0.7054940006462889,0.9036582308828446
2023-10-11,OWID_WRL,7777114212,206658600,48699,0.7054940006462889,0.9036582308828446
2023-10-12,OWID_WRL,7777584561,206386256,47784,0.7054940006462889,0.9036582308828446
2023-10-13,OWID_WRL,7778051921,206116880,46887,0.7054940006462889,0.9036582308828446
2023-10-14,OWID_WRL,7778516324,205850440,46007,0.7054940006462889,0.9036582308828446
2023-10-15,OWID_WRL,7778977801,205586905,45144,0.7054940006462889,0.9036582308828446
2023-10-16,OWID_WRL,7779436383,205326245,44296,0.7054940006462889,0.9036582308828446
2023-10-17,OWID_WRL,7779892100,205068430,43465,0.7054940006462889,0.9036582308828446
2023-10-18,OWID_WRL,7780344983,204813429,42649,0.7054940006462889,0.9036582308828446
2023-10-19,OWID_WRL,7780795063,204561212,41849,0.7054940006462889,0.9036582308828446
2023-10-20,OWID_WRL,7781242368,204311750,41063,0.7054940006462889,0.9036582308828446
2023-10-21,OWID_WRL,7781686929,204065014,40293,0.7054940006462889,0.9036582308828446
2023-10-22,OWID_WRL,7782128774,203820974,39537,0.7054940006462889,0.9036582308828446
2023-10-23,OWID_WRL,7782567933,203579604,38795,0.7054940006462889,0.9036582308828446
2023-10-24,OWID_WRL,7783004433,203340873,38067,0.7054940006462889,0.9036582308828446
2023-10-25,OWID_WRL,7783438303,203104754,37353,0.7054940006462889,0.9036582308828446
2023-10-26,OWID_WRL,7783869572,202871220,36652,0.7054940006462889,0.9036582308828446
2023-10-27,OWID_WRL,7784298266,202640242,35964,0.7054940006462889,0.9036582308828446
2023-10-28,OWID_WRL,7784724413,202411795,35290,0.7054940006462889,0.9036582308828446
2023-10-29,OWID_WRL,7785148040,202185850,34628,0.7054940006462889,0.9036582308828446
2023-10-30,OWID_WRL,7785569175,201962382,33978,0.7054940006462889,0.9036582308828446
2023-10-31,OWID_WRL,7785987842,201741364,33341,0.7054940006462889,0.9036582308828446
2023-11-01,OWID_WRL,7786404070,201522771,32716,0.7054940006462889,0.9036582308828446
2023-11-02,OWID_WRL,7786817883,201306575,32102,0.7054940006462889,0.9036582308828446
2023-11-03,OWID_WRL,7787229307,201092753,31500,0.7054940006462889,0.9036582308828446
2023-11-04,OWID_WRL,7787638368,200881279,30909,0.7054940006462889,0.9036582308828446
2023-11-05,OWID_WRL,7788045091,200672127,30330,0.7054940006462889,0.9036582308828446
2023-11-06,OWID_WRL,7788449501,200465273,29761,0.7054940006462889,0.9036582308828446
2023-11-07,OWID_WRL,7788851622,200260693,29203,0.7054940006462889,0.9036582308828446
2023-11-08,OWID_WRL,7789251480,200058362,28655,0.7054940006462889,0.9036582308828446
2023-11-09,OWID_WRL,7789649097,199858257,28118,0.7054940006462889,0.9036582308828446
2023-11-10,OWID_WRL,7790044498,199660354,27591,0.7054940006462889,0.9036582308828446
2023-11-11,OWID_WRL,7790437706,199464630,27074,0.7054940006462889,0.9036582308828446
2023-11-12,OWID_WRL,7790828746,199271060,26566,0.7054940006462889,0.9036582308828446
2023-11-13,OWID_WRL,7791217639,199079623,26068,0.7054940006462889,0.9036582308828446
2023-11-14,OWID_WRL,7791604409,198890295,25580,0.7054940006462889,0.9036582308828446
2023-11-15,OWID_WRL,7791989079,198703055,25100,0.7054940006462889,0.9036582308828446
2023-11-16,OWID_WRL,7792371670,198517879,24630,0.7054940006462889,0.9036582308828446
2023-11-17,OWID_WRL,7792752206,198334747,24168,0.7054940006462889,0.9036582308828446
2023-11-18,OWID_WRL,7793130707,198153635,23715,0.7054940006462889,0.9036582308828446
2023-11-19,OWID_WRL,7793507197,197974523,23271,0.7054940006462889,0.9036582308828446
2023-11-20,OWID_WRL,7793881695,197797389,22834,0.7054940006462889,0.9036582308828446
2023-11-21,OWID_WRL,7794254224,197622213,22406,0.7054940006462889,0.9036582308828446
2023-11-22,OWID_WRL,7794624805,197448972,21987,0.7054940006462889,0.9036582308828446
2023-11-23,OWID_WRL,7794993457,197277648,21575,0.7054940006462889,0.9036582308828446
2023-11-24,OWID_WRL,7795360203,197108218,21170,0.7054940006462889,0.9036582308828446
2023-11-25,OWID_WRL,7795725062,196940663,20774,0.7054940006462889,0.9036582308828446
2023-11-26,OWID_WRL,7796088054,196774964,20384,0.7054940006462889,0.9036582308828446
2023-11-27,OWID_WRL,7796449199,196611099,20002,0.7054940006462889,0.9036582308828446
2023-11-28,OWID_WRL,7796808518,196449050,19628,0.7054940006462889,0.9036582308828446
2023-11-29,OWID_WRL,7797166029,196288797,19260,0.7054940006462889,0.9036582308828446
2023-11-30,OWID_WRL,7797521752,196130321,18899,0.7054940006462889,0.9036582308828446
2023-12-01,OWID_WRL,7797875706,195973603,18545,0.7054940006462889,0.9036582308828446
2023-12-02,OWID_WRL,7798227910,195818624,18198,0.7054940006462889,0.9036582308828446
2023-12-03,OWID_WRL,7798578383,195665366,17857,0.7054940006462889,0.9036582308828446
2023-12-04,OWID_WRL,7798927143,195513810,17522,0.7054940006462889,0.9036582308828446
2023-12-05,OWID_WRL,7799274208,195363938,17194,0.7054940006462889,0.9036582308828446
2023-12-06,OWID_WRL,7799619597,195215732,16872,0.7054940006462889,0.9036582308828446
2023-12-07,OWID_WRL,7799963328,195069174,16556,0.7054940006462889,0.9036582308828446
2023-12-08,OWID_WRL,7800305418,194924246,16246,0.7054940006462889,0.9036582308828446
2023-12-09,OWID_WRL,7800645884,194780932,15942,0.7054940006462889,0.9036582308828446
2023-12-10,OWID_WRL,7800984745,194639213,15643,0.7054940006462889,0.9036582308828446
2023-12-11,OWID_WRL,7801322018,194499074,15350,0.7054940006462889,0.9036582308828446
2023-12-12,OWID_WRL,7801657718,194360495,15063,0.7054940006462889,0.9036582308828446
2023-12-13,OWID_WRL,7801991864,194223462,14780,0.7054940006462889,0.9036582308828446
2023-12-14,OWID_WRL,7802324472,194087958,14504,0.7054940006462889,0.9036582308828446
2023-12-15,OWID_WRL,7802655559,193953966,14232,0.7054940006462889,0.9036582308828446
2023-12-16,OWID_WRL,7802985140,193821469,13966,0.7054940006462889,0.9036582308828446
2023-12-17,OWID_WRL,7803313231,193690453,13704,0.7054940006462889,0.9036582308828446
2023-12-18,OWID_WRL,7803639850,193560901,13447,0.7054940006462889,0.9036582308828446
2023-12-19,OWID_WRL,7803965011,193432797,13196,0.7054940006462889,0.9036582308828446
2023-12-20,OWID_WRL,7804288730,193306126,12949,0.7054940006462889,0.9036582308828446
2023-12-21,OWID_WRL,7804611023,193180872,12706,0.7054940006462889,0.9036582308828446
2023-12-22,OWID_WRL,7804931905,193057021,12468,0.7054940006462889,0.9036582308828446
2023-12-23,OWID_WRL,7805251390,192934557,12235,0.7054940006462889,0.9036582308828446
2023-12-24,OWID_WRL,7805569495,192813466,12006,0.7054940006462889,0.9036582308828446
2023-12-25,OWID_WRL,7805886233,192693732,11781,0.7054940006462889,0.9036582308828446
2023-12-26,OWID_WRL,7806201620,192575341,11560,0.7054940006462889,0.9036582308828446
2023-12-27,OWID_WRL,7806515670,192458279,11344,0.7054940006462889,0.9036582308828446
2023-12-28,OWID_WRL,7806828397,192342531,11132,0.7054940006462889,0.9036582308828446
2023-12-29,OWID_WRL,7807139815,192228083,10923,0.7054940006462889,0.9036582308828446
2023-12-30,OWID_WRL,7807449939,192114922,10719,0.7054940006462889,0.9036582308828446
2023-12-31,OWID_WRL,7807758783,192003034,10518,0.7054940006462889,0.9036582308828446
2024-01-01,OWID_WRL,7808066359,191892404,10321,0.7054940006462889,0.9036582308828446
2024-01-02,OWID_WRL,7808372682,191783019,10128,0.7054940006462889,0.9036582308828446
2024-01-03,OWID_WRL,7808677765,191674867,9939,0.7054940006462889,0.9036582308828446
2024-01-04,OWID_WRL,7808981622,191567933,9752,0.7054940006462889,0.9036582308828446
2024-01-05,OWID_WRL,7809284265,191462205,9570,0.7054940006462889,0.9036582308828446
2024-01-06,OWID_WRL,7809585708,191357670,9391,0.7054940006462889,0.9036582308828446
2024-01-07,OWID_WRL,7809885963,191254314,9215,0.7054940006462889,0.9036582308828446
2024-01-08,OWID_WRL,7810185044,191152125,9043,0.7054940006462889,0.9036582308828446
2024-01-09,OWID_WRL,7810482962,191051092,8873,0.7054940006462889,0.9036582308828446
2024-01-10,OWID_WRL,7810779731,190951200,8707,0.7054940006462889,0.9036582308828446
2024-01-11,OWID_WRL,7811075363,190852438,8544,0.7054940006462889,0.9036582308828446
2024-01-12,OWID_WRL,7811369869,190754794,8384,0.7054940006462889,0.9036582308828446
2024-01-13,OWID_WRL,7811663262,190658256,8228,0.7054940006462889,0.9036582308828446
2024-01-14,OWID_WRL,7811955555,190562812,8074,0.7054940006462889,0.9036582308828446
2024-01-15,OWID_WRL,7812246758,190468449,7923,0.7054940006462889,0.9036582308828446
2024-01-16,OWID_WRL,7812536883,190375158,7774,0.7054940006462889,0.9036582308828446
2024-01-17,OWID_WRL,7812825943,190282925,7629,0.7054940006462889,0.9036582308828446
2024-01-18,OWID_WRL,7813113948,190191739,7486,0.7054940006462889,0.9036582308828446
2024-01-19,OWID_WRL,7813400909,190101590,7346,0.7054940006462889,0.9036582308828446
2024-01-20,OWID_WRL,7813686839,190012466,7209,0.7054940006462889,0.9036582308828446
2024-01-21,OWID_WRL,7813971748,189924356,7074,0.7054940006462889,0.9036582308828446
2024-01-22,OWID_WRL,7814255647,189837249,6941,0.7054940006462889,0.9036582308828446
2024-01-23,OWID_WRL,7814538546,189751134,6811,0.7054940006462889,0.9036582308828446
2024-01-24,OWID_WRL,7814820458,189666001,6684,0.7054940006462889,0.9036582308828446
2024-01-25,OWID_WRL,7815101391,189581839,6559,0.7054940006462889,0.9036582308828446
2024-01-26,OWID_WRL,7815381358,189498638,6436,0.7054940006462889,0.9036582308828446
2024-01-27,OWID_WRL,7815660367,189416386,6316,0.7054940006462889,0.9036582308828446
2024-01-28,OWID_WRL,7815938430,189335075,6198,0.7054940006462889,0.9036582308828446
2024-01-29,OWID_WRL,7816215557,189254694,6082,0.7054940006462889,0.9036582308828446
2024-01-30,OWID_WRL,7816491757,189175232,5968,0.7054940006462889,0.9036582308828446
2024-01-31,OWID_WRL,7816767041,189096681,5856,0.7054940006462889,0.9036582308828446
2024-02-01,OWID_WRL,7817041419,189019029,5747,0.7054940006462889,0.9036582308828446
2024-02-02,OWID_WRL,7817314899,188942268,5639,0.7054940006462889,0.9036582308828446
2024-02-03,OWID_WRL,7817587493,188866388,5534,0.7054940006462889,0.9036582308828446
2024-02-04,OWID_WRL,7817859209,188791379,5430,0.7054940006462889,0.9036582308828446
2024-02-05,OWID_WRL,7818130056,188717232,5329,0.7054940006462889,0.9036582308828446
2024-02-06,OWID_WRL,7818400045,188643938,5229,0.7054940006462889,0.9036582308828446
2024-02-07,OWID_WRL,7818669185,188571487,5131,0.7054940006462889,0.9036582308828446
2024-02-08,OWID_WRL,7818937484,188499870,5035,0.7054940006462889,0.9036582308828446
2024-02-09,OWID_WRL,7819204951,188429079,4941,0.7054940006462889,0.9036582308828446
2024-02-10,OWID_WRL,7819471596,188359104,4849,0.7054940006462889,0.9036582308828446
2024-02-11,OWID_WRL,7819737427,188289937,4758,0.7054940006462889,0.9036582308828446
2024-02-12,OWID_WRL,7820002454,188221568,4669,0.7054940006462889,0.9036582308828446
2024-02-13,OWID_WRL,7820266684,188153990,4581,0.7054940006462889,0.9036582308828446
2024-02-14,OWID_WRL,7820530127,188087194,4496,0.7054940006462889,0.9036582308828446
2024-02-15,OWID_WRL,7820792790,188021170,4412,0.7054940006462889,0.9036582308828446
2024-02-16,OWID_WRL,7821054683,187955912,4329,0.7054940006462889,0.9036582308828446
2024-02-17,OWID_WRL,7821315813,187891410,4248,0.7054940006462889,0.9036582308828446
2024-02-18,OWID_WRL,7821576188,187827657,4169,0.7054940006462889,0.9036582308828446
2024-02-19,OWID_WRL,7821835818,187764645,4091,0.7054940006462889,0.9036582308828446
2024-02-20,OWID_WRL,7822094709,187702364,4014,0.7054940006462889,0.9036582308828446
2024-02-21,OWID_WRL,7822352870,187640808,3939,0.7054940006462889,0.9036582308828446
2024-02-22,OWID_WRL,7822610309,187579969,3866,0.7054940006462889,0.9036582308828446
2024-02-23,OWID_WRL,7822867033,187519839,3793,0.7054940006462889,0.9036582308828446
2024-02-24,OWID_WRL,7823123050,187460410,3722,0.7054940006462889,0.9036582308828446
2024-02-25,OWID_WRL,7823378368,187401675,3653,0.7054940006462889,0.9036582308828446
2024-02-26,OWID_WRL,7823632993,187343626,3584,0.7054940006462889,0.9036582308828446
2024-02-27,OWID_WRL,7823886935,187286256,3517,0.7054940006462889,0.9036582308828446
2024-02-28,OWID_WRL,7824140200,187229557,3452,0.7054940006462889,0.9036582308828446
2024-02-29,OWID_WRL,7824392794,187173522,3387,0.7054940006462889,0.9036582308828446
2024-03-01,OWID_WRL,7824644727,187118144,3324,0.7054940006462889,0.9036582308828446
2024-03-02,OWID_WRL,7824896004,187063417,3262,0.7054940006462889,0.9036582308828446
2024-03-03,OWID_WRL,7825146632,187009332,3201,0.7054940006462889,0.9036582308828446
2024-03-04,OWID_WRL,7825396619,186955883,3141,0.7054940006462889,0.9036582308828446
2024-03-05,OWID_WRL,7825645972,186903063,3082,0.7054940006462889,0.9036582308828446
2024-03-06,OWID_WRL,7825894697,186850865,3024,0.7054940006462889,0.9036582308828446
2024-03-07,OWID_WRL,7826142801,186799283,2968,0.7054940006462889,0.9036582308828446
2024-03-08,OWID_WRL,7826390291,186748309,2912,0.7054940006462889,0.9036582308828446
2024-03-09,OWID_WRL,7826637173,186697938,2858,0.7054940006462889,0.9036582308828446
2024-03-10,OWID_WRL,7826883455,186648163,2804,0.7054940006462889,0.9036582308828446
2024-03-11,OWID_WRL,7827129141,186598977,2752,0.7054940006462889,0.9036582308828446
2024-03-12,OWID_WRL,7827374240,186550374,2700,0.7054940006462889,0.9036582308828446
2024-03-13,OWID_WRL,7827618756,186502347,2650,0.7054940006462889,0.9036582308828446
2024-03-14,OWID_WRL,7827862697,186454891,2600,0.7054940006462889,0.9036582308828446
2024-03-15,OWID_WRL,7828106069,186407999,2552,0.7054940006462889,0.9036582308828446
2024-03-16,OWID_WRL,7828348877,186361665,2504,0.7054940006462889,0.9036582308828446
2024-03-17,OWID_WRL,7828591128,186315883,2457,0.7054940006462889,0.9036582308828446
2024-03-18,OWID_WRL,7828832827,186270647,2411,0.7054940006462889,0.9036582308828446
2024-03-19,OWID_WRL,7829073982,186225951,2366,0.7054940006462889,0.9036582308828446
2024-03-20,OWID_WRL,7829314596,186181790,2322,0.7054940006462889,0.9036582308828446
2024-03-21,OWID_WRL,7829554678,186138157,2279,0.7054940006462889,0.9036582308828446
2024-03-22,OWID_WRL,7829794231,186095047,2236,0.7054940006462889,0.9036582308828446
2024-03-23,OWID_WRL,7830033262,186052453,2194,0.7054940006462889,0.9036582308828446
2024-03-24,OWID_WRL,7830271776,186010372,2153,0.7054940006462889,0.9036582308828446
2024-03-25,OWID_WRL,7830509780,185968796,2113,0.7054940006462889,0.9036582308828446
2024-03-26,OWID_WRL,7830747277,185927721,2073,0.7054940006462889,0.9036582308828446
2024-03-27,OWID_WRL,7830984275,185887142,2035,0.7054940006462889,0.9036582308828446
2024-03-28,OWID_WRL,7831220778,185847051,1997,0.7054940006462889,0.9036582308828446
2024-03-29,OWID_WRL,7831456791,185807446,1959,0.7054940006462889,0.9036582308828446
2024-03-30,OWID_WRL,7831692320,185768319,1923,0.7054940006462889,0.9036582308828446
2024-03-31,OWID_WRL,7831927370,185729666,1887,0.7054940006462889,0.9036582308828446
2024-04-01,OWID_WRL,7832161947,185691482,1851,0.7054940006462889,0.9036582308828446
2024-04-02,OWID_WRL,7832396054,185653762,1817,0.7054940006462889,0.9036582308828446
2024-04-03,OWID_WRL,7832629698,185616501,1783,0.7054940006462889,0.9036582308828446
2024-04-04,OWID_WRL,7832862884,185579693,1749,0.7054940006462889,0.9036582308828446
2024-04-05,OWID_WRL,7833095615,185543334,1717,0.7054940006462889,0.9036582308828446
2024-04-06,OWID_WRL,7833327898,185507420,1685,0.7054940006462889,0.9036582308828446
2024-04-07,OWID_WRL,7833559736,185471944,1653,0.7054940006462889,0.9036582308828446
2024-04-08,OWID_WRL,7833791135,185436903,1622,0.7054940006462889,0.9036582308828446
2024-04-09,OWID_WRL,7834022100,185402291,1592,0.7054940006462889,0.9036582308828446
2024-04-10,OWID_WRL,7834252635,185368104,1562,0.7054940006462889,0.9036582308828446
2024-04-11,OWID_WRL,7834482744,185334338,1533,0.7054940006462889,0.9036582308828446
2024-04-12,OWID_WRL,7834712433,185300988,1504,0.7054940006462889,0.9036582308828446
2024-04-13,OWID_WRL,7834941705,185268049,1476,0.7054940006462889,0.9036582308828446
2024-04-14,OWID_WRL,7835170566,185235517,1449,0.7054940006462889,0.9036582308828446
2024-04-15,OWID_WRL,7835399020,185203387,1421,0.7054940006462889,0.9036582308828446
2024-04-16,OWID_WRL,7835627070,185171655,1395,0.7054940006462889,0.9036582308828446
2024-04-17,OWID_WRL,7835854722,185140317,1369,0.7054940006462889,0.9036582308828446
2024-04-18,OWID_WRL,7836081980,185109369,1343,0.7054940006462889,0.9036582308828446
2024-04-19,OWID_WRL,7836308847,185078806,1318,0.7054940006462889,0.9036582308828446
2024-04-20,OWID_WRL,7836535329,185048624,1293,0.7054940006462889,0.9036582308828446
2024-04-21,OWID_WRL,7836761429,185018819,1269,0.7054940006462889,0.9036582308828446
2024-04-22,OWID_WRL,7836987151,184989387,1246,0.7054940006462889,0.9036582308828446
2024-04-23,OWID_WRL,7837212500,184960324,1222,0.7054940006462889,0.9036582308828446
2024-04-24,OWID_WRL,7837437479,184931625,1199,0.7054940006462889,0.9036582308828446
2024-04-25,OWID_WRL,7837662092,184903288,1177,0.7054940006462889,0.9036582308828446
2024-04-26,OWID_WRL,7837886344,184875307,1155,0.7054940006462889,0.9036582308828446
2024-04-27,OWID_WRL,7838110238,184847680,1133,0.7054940006462889,0.9036582308828446
2024-04-28,OWID_WRL,7838333778,184820401,1112,0.7054940006462889,0.9036582308828446
2024-04-29,OWID_WRL,7838556968,184793468,1091,0.7054940006462889,0.9036582308828446
2024-04-30,OWID_WRL,7838779811,184766877,1071,0.7054940006462889,0.9036582308828446
2024-05-01,OWID_WRL,7839002312,184740624,1051,0.7054940006462889,0.9036582308828446
2024-05-02,OWID_WRL,7839224473,184714705,1031,0.7054940006462889,0.9036582308828446
2024-05-03,OWID_WRL,7839446300,184689117,1012,0.7054940006462889,0.9036582308828446
2024-05-04,OWID_WRL,7839667794,184663856,993,0.7054940006462889,0.9036582308828446
2024-05-05,OWID_WRL,7839888961,184638918,975,0.7054940006462889,0.9036582308828446
2024-05-06,OWID_WRL,7840109802,184614300,956,0.7054940006462889,0.9036582308828446
2024-05-07,OWID_WRL,7840330323,184589999,938,0.7054940006462889,0.9036582308828446
2024-05-08,OWID_WRL,7840550525,184566011,921,0.7054940006462889,0.9036582308828446
2024-05-09,OWID_WRL,7840770414,184542333,904,0.7054940006462889,0.9036582308828446
2024-05-10,OWID_WRL,7840989991,184518961,887,0.7054940006462889,0.9036582308828446
2024-05-11,OWID_WRL,7841209261,184495892,870,0.7054940006462889,0.9036582308828446
2024-05-12,OWID_WRL,7841428226,184473123,854,0.7054940006462889,0.9036582308828446
2024-05-13,OWID_WRL,7841646890,184450651,838,0.7054940006462889,0.9036582308828446
2024-05-14,OWID_WRL,7841865256,184428471,822,0.7054940006462889,0.9036582308828446
2024-05-15,OWID_WRL,7842083328,184406582,807,0.7054940006462889,0.9036582308828446
2024-05-16,OWID_WRL,7842301108,184384979,792,0.7054940006462889,0.9036582308828446
2024-05-17,OWID_WRL,7842518600,184363661,777,0.7054940006462889,0.9036582308828446
2024-05-18,OWID_WRL,7842735806,184342623,762,0.7054940006462889,0.9036582308828446
2024-05-19,OWID_WRL,7842952730,184321862,748,0.7054940006462889,0.9036582308828446
2024-05-20,OWID_WRL,7843169375,184301377,734,0.7054940006462889,0.9036582308828446
2024-05-21,OWID_WRL,7843385744,184281163,721,0.7054940006462889,0.9036582308828446
2024-05-22,OWID_WRL,7843601839,184261218,707,0.7054940006462889,0.9036582308828446
2024-05-23,OWID_WRL,7843817664,184241538,694,0.7054940006462889,0.9036582308828446
2024-05-24,OWID_WRL,7844033222,184222121,681,0.7054940006462889,0.9036582308828446
2024-05-25,OWID_WRL,7844248515,184202965,668,0.7054940006462889,0.9036582308828446
2024-05-26,OWID_WRL,7844463546,184184065,656,0.7054940006462889,0.9036582308828446
2024-05-27,OWID_WRL,7844678318,184165420,643,0.7054940006462889,0.9036582308828446
2024-05-28,OWID_WRL,7844892834,184147027,631,0.7054940006462889,0.9036582308828446
2024-05-29,OWID_WRL,7845107097,184128883,620,0.7054940006462889,0.9036582308828446
2024-05-30,OWID_WRL,7845321108,184110984,608,0.7054940006462889,0.9036582308828446
2024-05-31,OWID_WRL,7845534872,184093330,597,0.7054940006462889,0.9036582308828446
2024-06-01,OWID_WRL,7845748390,184075916,585,0.7054940006462889,0.9036582308828446
2024-06-02,OWID_WRL,7845961666,184058740,574,0.7054940006462889,0.9036582308828446
2024-06-03,OWID_WRL,7846174701,184041800,564,0.7054940006462889,0.9036582308828446
2024-06-04,OWID_WRL,7846387499,184025093,553,0.7054940006462889,0.9036582308828446
2024-06-05,OWID_WRL,7846600062,184008617,543,0.7054940006462889,0.9036582308828446
2024-06-06,OWID_WRL,7846812392,183992369,533,0.7054940006462889,0.9036582308828446
2024-06-07,OWID_WRL,7847024492,183976346,523,0.7054940006462889,0.9036582308828446
2024-06-08,OWID_WRL,7847236364,183960547,513,0.7054940006462889,0.9036582308828446
2024-06-09,OWID_WRL,7847448011,183944968,503,0.7054940006462889,0.9036582308828446
2024-06-10,OWID_WRL,7847659435,183929607,494,0.7054940006462889,0.9036582308828446
2024-06-11,OWID_WRL,7847870639,183914463,485,0.7054940006462889,0.9036582308828446
2024-06-12,OWID_WRL,7848081625,183899532,476,0.7054940006462889,0.9036582308828446
2024-06-13,OWID_WRL,7848292395,183884812,467,0.7054940006462889,0.9036582308828446
2024-06-14,OWID_WRL,7848502952,183870301,458,0.7054940006462889,0.9036582308828446
2024-06-15,OWID_WRL,7848713297,183855997,449,0.7054940006462889,0.9036582308828446
2024-06-16,OWID_WRL,7848923434,183841897,441,0.7054940006462889,0.9036582308828446
2024-06-17,OWID_WRL,7849133364,183828000,433,0.7054940006462889,0.9036582308828446
2024-06-18,OWID_WRL,7849343089,183814302,425,0.7054940006462889,0.9036582308828446
2024-06-19,OWID_WRL,7849552612,183800803,417,0.7054940006462889,0.9036582308828446
2024-06-20,OWID_WRL,7849761935,183787499,409,0.7054940006462889,0.9036582308828446
2024-06-21,OWID_WRL,7849971060,183774388,401,0.7054940006462889,0.9036582308828446
2024-06-22,OWID_WRL,7850179989,183761469,394,0.7054940006462889,0.9036582308828446
2024-06-23,OWID_WRL,7850388725,183748739,386,0.7054940006462889,0.9036582308828446
2024-06-24,OWID_WRL,7850597268,183736197,379,0.7054940006462889,0.9036582308828446
2024-06-25,OWID_WRL,7850805622,183723840,372,0.7054940006462889,0.9036582308828446
2024-06-26,OWID_WRL,7851013788,183711666,365,0.7054940006462889,0.9036582308828446
2024-06-27,OWID_WRL,7851221768,183699673,358,0.7054940006462889,0.9036582308828446
2024-06-28,OWID_WRL,7851429565,183687860,352,0.7054940006462889,0.9036582308828446
2024-06-29,OWID_WRL,7851637180,183676223,345,0.7054940006462889,0.9036582308828446
2024-06-30,OWID_WRL,7851844615,183664763,339,0.7054940006462889,0.9036582308828446
2024-07-01,OWID_WRL,7852051872,183653475,332,0.7054940006462889,0.9036582308828446
2024-07-02,OWID_WRL,7852258953,183642360,326,0.7054940006462889,0.9036582308828446
2024-07-03,OWID_WRL,7852465860,183631414,320,0.7054940006462889,0.9036582308828446
2024-07-04,OWID_WRL,7852672595,183620636,314,0.7054940006462889,0.9036582308828446
2024-07-05,OWID_WRL,7852879159,183610024,308,0.7054940006462889,0.9036582308828446
2024-07-06,OWID_WRL,7853085554,183599576,302,0.7054940006462889,0.9036582308828446
2024-07-07,OWID_WRL,7853291783,183589290,297,0.7054940006462889,0.9036582308828446
2024-07-08,OWID_WRL,7853497847,183579166,291,0.7054940006462889,0.9036582308828446
2024-07-09,OWID_WRL,7853703747,183569200,286,0.7054940006462889,0.9036582308828446
2024-07-10,OWID_WRL,7853909485,183559391,280,0.7054940006462889,0.9036582308828446
2024-07-11,OWID_WRL,7854115064,183549738,275,0.7054940006462889,0.9036582308828446
2024-07-12,OWID_WRL,7854320484,183540239,270,0.7054940006462889,0.9036582308828446
2024-07-13,OWID_WRL,7854525748,183530892,265,0.7054940006462889,0.9036582308828446
2024-07-14,OWID_WRL,7854730857,183521695,260,0.7054940006462889,0.9036582308828446
2024-07-15,OWID_WRL,7854935813,183512647,255,0.7054940006462889,0.9036582308828446
2024-07-16,OWID_WRL,7855140617,183503746,250,0.7054940006462889,0.9036582308828446
2024-07-17,OWID_WRL,7855345271,183494991,246,0.7054940006462889,0.9036582308828446
2024-07-18,OWID_WRL,7855549777,183486380,241,0.7054940006462889,0.9036582308828446
2024-07-19,OWID_WRL,7855754136,183477911,236,0.7054940006462889,0.9036582308828446
2024-07-20,OWID_WRL,7855958350,183469584,232,0.7054940006462889,0.9036582308828446
2024-07-21,OWID_WRL,7856162420,183461395,228,0.7054940006462889,0.9036582308828446
2024-07-22,OWID_WRL,7856366347,183453345,223,0.7054940006462889,0.9036582308828446
2024-07-23,OWID_WRL,7856570134,183445430,219,0.7054940006462889,0.9036582308828446
2024-07-24,OWID_WRL,7856773782,183437651,215,0.7054940006462889,0.9036582308828446
2024-07-25,OWID_WRL,7856977292,183430005,211,0.7054940006462889,0.9036582308828446
2024-07-26,OWID_WRL,7857180665,183422491,207,0.7054940006462889,0.9036582308828446
2024-07-27,OWID_WRL,7857383904,183415107,203,0.7054940006462889,0.9036582308828446
2024-07-28,OWID_WRL,7857587009,183407852,199,0.7054940006462889,0.9036582308828446
2024-07-29,OWID_WRL,7857789982,183400725,196,0.7054940006462889,0.9036582308828446
2024-07-30,OWID_WRL,7857992825,183393725,192,0.7054940006462889,0.9036582308828446
2024-07-31,OWID_WRL,7858195538,183386849,188,0.7054940006462889,0.9036582308828446
2024-08-01,OWID_WRL,7858398123,183380096,185,0.7054940006462889,0.9036582308828446
2024-08-02,OWID_WRL,7858600582,183373466,181,0.7054940006462889,0.9036582308828446
2024-08-03,OWID_WRL,7858802915,183366957,178,0.7054940006462889,0.9036582308828446
2024-08-04,OWID_WRL,7859005125,183360567,175,0.7054940006462889,0.9036582308828446
2024-08-05,OWID_WRL,7859207212,183354296,171,0.7054940006462889,0.9036582308828446
2024-08-06,OWID_WRL,7859409178,183348141,168,0.7054940006462889,0.9036582308828446
2024-08-07,OWID_WRL,7859611023,183342102,165,0.7054940006462889,0.9036582308828446
2024-08-08,OWID_WRL,7859812750,183336178,162,0.7054940006462889,0.9036582308828446
2024-08-09,OWID_WRL,7860014359,183330367,159,0.7054940006462889,0.9036582308828446
2024-08-10,OWID_WRL,7860215852,183324667,156,0.7054940006462889,0.9036582308828446
2024-08-11,OWID_WRL,7860417230,183319078,153,0.7054940006462889,0.9036582308828446
2024-08-12,OWID_WRL,7860618494,183313599,150,0.7054940006462889,0.9036582308828446
2024-08-13,OWID_WRL,7860819646,183308228,147,0.7054940006462889,0.9036582308828446
2024-08-14,OWID_WRL,7861020686,183302964,145,0.7054940006462889,0.9036582308828446
2024-08-15,OWID_WRL,7861221615,183297807,142,0.7054940006462889,0.9036582308828446
2024-08-16,OWID_WRL,7861422436,183292754,139,0.7054940006462889,0.9036582308828446
2024-08-17,OWID_WRL,7861623148,183287804,137,0.7054940006462889,0.9036582308828446
2024-08-18,OWID_WRL,7861823753,183282957,134,0.7054940006462889,0.9036582308828446
2024-08-19,OWID_WRL,7862024253,183278212,132,0.7054940006462889,0.9036582308828446
2024-08-20,OWID_WRL,7862224648,183273567,129,0.7054940006462889,0.9036582308828446
2024-08-21,OWID_WRL,7862424940,183269021,127,0.7054940006462889,0.9036582308828446
2024-08-22,OWID_WRL,7862625129,183264573,124,0.7054940006462889,0.9036582308828446
2024-08-23,OWID_WRL,7862825216,183260222,122,0.7054940006462889,0.9036582308828446
2024-08-24,OWID_WRL,7863025203,183255967,120,0.7054940006462889,0.9036582308828446
2024-08-25,OWID_WRL,7863225091,183251807,117,0.7054940006462889,0.9036582308828446
2024-08-26,OWID_WRL,7863424881,183247741,115,0.7054940006462889,0.9036582308828446
2024-08-27,OWID_WRL,7863624573,183243768,113,0.7054940006462889,0.9036582308828446
2024-08-28,OWID_WRL,7863824169,183239887,111,0.7054940006462889,0.9036582308828446
2024-08-29,OWID_WRL,7864023670,183236097,109,0.7054940006462889,0.9036582308828446
2024-08-30,OWID_WRL,7864223077,183232396,107,0.7054940006462889,0.9036582308828446
2024-08-31,OWID_WRL,7864422390,183228784,105,0.7054940006462889,0.9036582308828446
2024-09-01,OWID_WRL,7864621611,183225261,103,0.7054940006462889,0.9036582308828446
2024-09-02,OWID_WRL,7864820741,183221824,101,0.7054940006462889,0.9036582308828446
2024-09-03,OWID_WRL,7865019781,183218474,99,0.7054940006462889,0.9036582308828446
2024-09-04,OWID_WRL,7865218731,183215208,97,0.7054940006462889,0.9036582308828446
2024-09-05,OWID_WRL,7865417592,183212027,95,0.7054940006462889,0.9036582308828446
2024-09-06,OWID_WRL,7865616366,183208928,94,0.7054940006462889,0.9036582308828446
2024-09-07,OWID_WRL,7865815053,183205912,92,0.7054940006462889,0.9036582308828446
2024-09-08,OWID_WRL,7866013655,183202978,90,0.7054940006462889,0.9036582308828446
2024-09-09,OWID_WRL,7866212171,183200124,88,0.7054940006462889,0.9036582308828446
2024-09-10,OWID_WRL,7866410604,183197350,87,0.7054940006462889,0.9036582308828446
2024-09-11,OWID_WRL,7866608953,183194654,85,0.7054940006462889,0.9036582308828446
2024-09-12,OWID_WRL,7866807220,183192037,83,0.7054940006462889,0.9036582308828446
2024-09-13,OWID_WRL,7867005406,183189497,82,0.7054940006462889,0.9036582308828446
2024-09-14,OWID_WRL,7867203511,183187032,80,0.7054940006462889,0.9036582308828446
2024-09-15,OWID_WRL,7867401536,183184644,79,0.7054940006462889,0.9036582308828446
2024-09-16,OWID_WRL,7867599483,183182329,77,0.7054940006462889,0.9036582308828446
2024-09-17,OWID_WRL,7867797351,183180089,76,0.7054940006462889,0.9036582308828446
2024-09-18,OWID_WRL,7867995142,183177921,75,0.7054940006462889,0.9036582308828446
2024-09-19,OWID_WRL,7868192857,183175826,73,0.7054940006462889,0.9036582308828446
2024-09-20,OWID_WRL,7868390495,183173802,72,0.7054940006462889,0.9036582308828446
2024-09-21,OWID_WRL,7868588059,183171849,70,0.7054940006462889,0.9036582308828446
2024-09-22,OWID_WRL,7868785549,183169965,69,0.7054940006462889,0.9036582308828446
2024-09-23,OWID_WRL,7868982965,183168151,68,0.7054940006462889,0.9036582308828446
2024-09-24,OWID_WRL,7869180309,183166405,66,0.7054940006462889,0.9036582308828446
2024-09-25,OWID_WRL,7869377580,183164726,65,0.7054940006462889,0.9036582308828446
2024-09-26,OWID_WRL,7869574781,183163114,64,0.7054940006462889,0.9036582308828446
2024-09-27,OWID_WRL,7869771911,183161569,63,0.7054940006462889,0.9036582308828446
2024-09-28,OWID_WRL,7869968971,183160089,62,0.7054940006462889,0.9036582308828446
2024-09-29,OWID_WRL,7870165962,183158673,60,0.7054940006462889,0.9036582308828446
2024-09-30,OWID_WRL,7870362885,183157321,59,0.7054940006462889,0.9036582308828446
2024-10-01,OWID_WRL,7870559741,183156033,58,0.7054940006462889,0.9036582308828446
2024-10-02,OWID_WRL,7870756529,183154807,57,0.7054940006462889,0.9036582308828446
2024-10-03,OWID_WRL,7870953252,183153643,56,0.7054940006462889,0.9036582308828446
2024-10-04,OWID_WRL,7871149908,183152540,55,0.7054940006462889,0.9036582308828446
2024-10-05,OWID_WRL,7871346500,183151498,54,0.7054940006462889,0.9036582308828446
2024-10-06,OWID_WRL,7871543028,183150516,53,0.7054940006462889,0.9036582308828446
2024-10-07,OWID_WRL,7871739492,183149593,52,0.7054940006462889,0.9036582308828446
2024-10-08,OWID_WRL,7871935893,183148728,51,0.7054940006462889,0.9036582308828446
2024-10-09,OWID_WRL,7872132232,183147922,50,0.7054940006462889,0.9036582308828446
2024-10-10,OWID_WRL,7872328510,183147173,49,0.7054940006462889,0.9036582308828446
2024-10-11,OWID_WRL,7872524726,183146480,48,0.7054940006462889,0.9036582308828446
2024-10-12,OWID_WRL,7872720882,183145844,47,0.7054940006462889,0.9036582308828446
2024-10-13,OWID_WRL,7872916978,183145262,46,0.7054940006462889,0.9036582308828446
2024-10-14,OWID_WRL,7873113015,183144736,45,0.7054940006462889,0.9036582308828446
2024-10-15,OWID_WRL,7873308993,183144264,45,0.7054940006462889,0.9036582308828446
2024-10-16,OWID_WRL,7873504913,183143846,44,0.7054940006462889,0.9036582308828446
2024-10-17,OWID_WRL,7873700776,183143481,43,0.7054940006462889,0.9036582308828446
2024-10-18,OWID_WRL,7873896583,183143168,42,0.7054940006462889,0.9036582308828446
2024-10-19,OWID_WRL,7874092332,183142907,41,0.7054940006462889,0.9036582308828446
2024-10-20,OWID_WRL,7874288027,183142697,41,0.7054940006462889,0.9036582308828446
2024-10-21,OWID_WRL,7874483666,183142539,40,0.7054940006462889,0.9036582308828446
2024-10-22,OWID_WRL,7874679250,183142430,39,0.7054940006462889,0.9036582308828446
2024-10-23,OWID_WRL,7874874781,183142371,38,0.7054940006462889,0.9036582308828446
2024-10-24,OWID_WRL,7875070258,183142361,38,0.7054940006462889,0.9036582308828446
2024-10-25,OWID_WRL,7875265682,183142400,37,0.7054940006462889,0.9036582308828446
2024-10-26,OWID_WRL,7875461054,183142487,36,0.7054940006462889,0.9036582308828446
2024-10-27,OWID_WRL,7875656374,183142622,35,0.7054940006462889,0.9036582308828446
2024-10-28,OWID_WRL,7875851643,183142803,35,0.7054940006462889,0.9036582308828446
2024-10-29,OWID_WRL,7876046860,183143031,34,0.7054940006462889,0.9036582308828446
2024-10-30,OWID_WRL,7876242028,183143305,33,0.7054940006462889,0.9036582308828446
2024-10-31,OWID_WRL,7876437145,183143625,33,0.7054940006462889,0.9036582308828446
2024-11-01,OWID_WRL,7876632214,183143989,32,0.7054940006462889,0.9036582308828446
2024-11-02,OWID_WRL,7876827233,183144398,32,0.7054940006462889,0.9036582308828446
2024-11-03,OWID_WRL,7877022204,183144851,31,0.7054940006462889,0.9036582308828446
2024-11-04,OWID_WRL,7877217127,183145348,30,0.7054940006462889,0.9036582308828446
2024-11-05,OWID_WRL,7877412003,183145887,30,0.7054940006462889,0.9036582308828446
2024-11-06,OWID_WRL,7877606832,183146470,29,0.7054940006462889,0.9036582308828446
2024-11-07,OWID_WRL,7877801614,183147094,29,0.7054940006462889,0.9036582308828446
2024-11-08,OWID_WRL,7877996351,183147760,28,0.7054940006462889,0.9036582308828446
2024-11-09,OWID_WRL,7878191042,183148467,28,0.7054940006462889,0.9036582308828446
2024-11-10,OWID_WRL,7878385688,183149215,27,0.7054940006462889,0.9036582308828446
2024-11-11,OWID_WRL,7878580289,183150003,27,0.7054940006462889,0.9036582308828446
2024-11-12,OWID_WRL,7878774846,183150832,26,0.7054940006462889,0.9036582308828446
2024-11-13,OWID_WRL,7878969359,183151699,26,0.7054940006462889,0.9036582308828446
2024-11-14,OWID_WRL,7879163829,183152606,25,0.7054940006462889,0.9036582308828446
2024-11-15,OWID_WRL,7879358256,183153551,25,0.7054940006462889,0.9036582308828446
2024-11-16,OWID_WRL,7879552641,183154534,24,0.7054940006462889,0.9036582308828446
2024-11-17,OWID_WRL,7879746983,183155555,24,0.7054940006462889,0.9036582308828446
2024-11-18,OWID_WRL,7879941284,183156614,23,0.7054940006462889,0.9036582308828446
2024-11-19,OWID_WRL,7880135544,183157709,23,0.7054940006462889,0.9036582308828446
2024-11-20,OWID_WRL,7880329762,183158841,22,0.7054940006462889,0.9036582308828446
2024-11-21,OWID_WRL,7880523941,183160009,22,0.7054940006462889,0.9036582308828446
2024-11-22,OWID_WRL,7880718079,183161213,22,0.7054940006462889,0.9036582308828446
2024-11-23,OWID_WRL,7880912178,183162452,21,0.7054940006462889,0.9036582308828446
2024-11-24,OWID_WRL,7881106237,183163725,21,0.7054940006462889,0.9036582308828446
2024-11-25,OWID_WRL,7881300257,183165034,20,0.7054940006462889,0.9036582308828446
2024-11-26,OWID_WRL,7881494239,183166377,20,0.7054940006462889,0.9036582308828446
2024-11-27,OWID_WRL,7881688183,183167753,20,0.7054940006462889,0.9036582308828446
2024-11-28,OWID_WRL,7881882089,183169163,19,0.7054940006462889,0.9036582308828446
2024-11-29,OWID_WRL,7882075958,183170606,19,0.7054940006462889,0.9036582308828446
2024-11-30,OWID_WRL,7882269790,183172082,18,0.7054940006462889,0.9036582308828446
2024-12-01,OWID_WRL,7882463585,183173590,18,0.7054940006462889,0.9036582308828446
2024-12-02,OWID_WRL,7882657344,183175130,18,0.7054940006462889,0.9036582308828446
2024-12-03,OWID_WRL,7882851066,183176701,17,0.7054940006462889,0.9036582308828446
2024-12-04,OWID_WRL,7883044753,183178304,17,0.7054940006462889,0.9036582308828446
2024-12-05,OWID_WRL,7883238405,183179938,17,0.7054940006462889,0.9036582308828446
2024-12-06,OWID_WRL,7883432022,183181603,16,0.7054940006462889,0.9036582308828446
2024-12-07,OWID_WRL,7883625604,183183298,16,0.7054940006462889,0.9036582308828446
2024-12-08,OWID_WRL,7883819153,183185023,16,0.7054940006462889,0.9036582308828446
2024-12-09,OWID_WRL,7884012667,183186777,15,0.7054940006462889,0.9036582308828446
2024-12-10,OWID_WRL,7884206147,183188561,15,0.7054940006462889,0.9036582308828446
2024-12-11,OWID_WRL,7884399594,183190374,15,0.7054940006462889,0.9036582308828446
2024-12-12,OWID_WRL,7884593008,183192215,15,0.7054940006462889,0.9036582308828446
2024-12-13,OWID_WRL,7884786390,183194085,14,0.7054940006462889,0.9036582308828446
2024-12-14,OWID_WRL,7884979739,183195982,14,0.7054940006462889,0.9036582308828446
2024-12-15,OWID_WRL,7885173056,183197908,14,0.7054940006462889,0.9036582308828446
2024-12-16,OWID_WRL,7885366342,183199861,14,0.7054940006462889,0.9036582308828446
2024-12-17,OWID_WRL,7885559596,183201841,13,0.7054940006462889,0.9036582308828446
2024-12-18,OWID_WRL,7885752819,183203848,13,0.7054940006462889,0.9036582308828446
2024-12-19,OWID_WRL,7885946010,183205881,13,0.7054940006462889,0.9036582308828446
2024-12-20,OWID_WRL,7886139172,183207941,12,0.7054940006462889,0.9036582308828446
2024-12-21,OWID_WRL,7886332303,183210026,12,0.7054940006462889,0.9036582308828446
2024-12-22,OWID_WRL,7886525404,183212138,12,0.7054940006462889,0.9036582308828446
2024-12-23,OWID_WRL,7886718476,183214274,12,0.7054940006462889,0.9036582308828446
2024-12-24,OWID_WRL,7886911518,183216436,12,0.7054940006462889,0.9036582308828446
2024-12-25,OWID_WRL,7887104530,183218623,11,0.7054940006462889,0.9036582308828446
2024-12-26,OWID_WRL,7887297514,183220834,11,0.7054940006462889,0.9036582308828446
2024-12-27,OWID_WRL,7887490470,183223069,11,0.7054940006462889,0.9036582308828446
2024-12-28,OWID_WRL,7887683397,183225329,11,0.7054940006462889,0.9036582308828446
2024-12-29,OWID_WRL,7887876296,183227612,10,0.7054940006462889,0.9036582308828446
2024-12-30,OWID_WRL,7888069167,183229919,10,0.7054940006462889,0.9036582308828446
2024-12-31,OWID_WRL,7888262010,183232249,10,0.7054940006462889,0.9036582308828446
2025-01-01,OWID_WRL,7888454827,183234602,10,0.7054940006462889,0.9036582308828446
2025-01-02,OWID_WRL,7888647616,183236978,10,0.7054940006462889,0.9036582308828446
2025-01-03,OWID_WRL,7888840378,183239376,9,0.7054940006462889,0.9036582308828446
2025-01-04,OWID_WRL,7889033114,183241796,9,0.7054940006462889,0.9036582308828446
2025-01-05,OWID_WRL,7889225824,183244239,9,0.7054940006462889,0.9036582308828446
2025-01-06,OWID_WRL,7889418507,183246703,9,0.7054940006462889,0.9036582308828446
2025-01-07,OWID_WRL,7889611165,183249189,9,0.7054940006462889,0.9036582308828446
2025-01-08,OWID_WRL,7889803797,183251696,9,0.7054940006462889,0.9036582308828446
2025-01-09,OWID_WRL,7889996403,183254224,8,0.7054940006462889,0.9036582308828446
2025-01-10,OWID_WRL,7890188985,183256773,8,0.7054940006462889,0.9036582308828446
2025-01-11,OWID_WRL,7890381542,183259343,8,0.7054940006462889,0.9036582308828446
2025-01-12,OWID_WRL,7890574073,183261932,8,0.7054940006462889,0.9036582308828446
2025-01-13,OWID_WRL,7890766581,183264543,8,0.7054940006462889,0.9036582308828446
2025-01-14,OWID_WRL,7890959064,183267173,8,0.7054940006462889,0.9036582308828446
2025-01-15,OWID_WRL,7891151523,183269822,7,0.7054940006462889,0.9036582308828446
2025-01-16,OWID_WRL,7891343959,183272491,7,0.7054940006462889,0.9036582308828446
2025-01-17,OWID_WRL,7891536371,183275180,7,0.7054940006462889,0.9036582308828446
2025-01-18,OWID_WRL,7891728759,183277887,7,0.7054940006462889,0.9036582308828446
2025-01-19,OWID_WRL,7891921124,183280614,7,0.7054940006462889,0.9036582308828446
2025-01-20,OWID_WRL,7892113467,183283359,7,0.7054940006462889,0.9036582308828446
2025-01-21,OWID_WRL,7892305786,183286122,7,0.7054940006462889,0.9036582308828446
2025-01-22,OWID_WRL,7892498083,183288904,6,0.7054940006462889,0.9036582308828446
2025-01-23,OWID_WRL,7892690358,183291704,6,0.7054940006462889,0.9036582308828446
2025-01-24,OWID_WRL,7892882611,183294521,6,0.7054940006462889,0.9036582308828446
2025-01-25,OWID_WRL,7893074841,183297356,6,0.7054940006462889,0.9036582308828446
2025-01-26,OWID_WRL,7893267050,183300209,6,0.7054940006462889,0.9036582308828446
2025-01-27,OWID_WRL,7893459237,183303079,6,0.7054940006462889,0.9036582308828446
2025-01-28,OWID_WRL,7893651403,183305966,6,0.7054940006462889,0.9036582308828446
2025-01-29,OWID_WRL,7893843548,183308870,6,0.7054940006462889,0.9036582308828446
2025-01-30,OWID_WRL,7894035672,183311790,5,0.7054940006462889,0.9036582308828446
2025-01-31,OWID_WRL,7894227774,183314727,5,0.7054940006462889,0.9036582308828446
2025-02-01,OWID_WRL,7894419857,183317681,5,0.7054940006462889,0.9036582308828446
2025-02-02,OWID_WRL,7894611918,183320650,5,0.7054940006462889,0.9036582308828446
2025-02-03,OWID_WRL,7894803960,183323636,5,0.7054940006462889,0.9036582308828446
2025-02-04,OWID_WRL,7894995981,183326637,5,0.7054940006462889,0.9036582308828446
2025-02-05,OWID_WRL,7895187983,183329654,5,0.7054940006462889,0.9036582308828446
2025-02-06,OWID_WRL,7895379964,183332687,5,0.7054940006462889,0.9036582308828446
2025-02-07,OWID_WRL,7895571926,183335735,5,0.7054940006462889,0.9036582308828446
2025-02-08,OWID_WRL,7895763869,183338797,5,0.7054940006462889,0.9036582308828446
2025-02-09,OWID_WRL,7895955792,183341875,4,0.7054940006462889,0.9036582308828446
2025-02-10,OWID_WRL,7896147697,183344968,4,0.7054940006462889,0.9036582308828446
2025-02-11,OWID_WRL,7896339582,183348075,4,0.7054940006462889,0.9036582308828446
2025-02-12,OWID_WRL,7896531449,183351197,4,0.7054940006462889,0.9036582308828446
2025-02-13,OWID_WRL,7896723296,183354333,4,0.7054940006462889,0.9036582308828446
2025-02-14,OWID_WRL,7896915126,183357483,4,0.7054940006462889,0.9036582308828446
2025-02-15,OWID_WRL,7897106937,183360647,4,0.7054940006462889,0.9036582308828446
2025-02-16,OWID_WRL,7897298730,183363825,4,0.7054940006462889,0.9036582308828446
2025-02-17,OWID_WRL,7897490505,183367017,4,0.7054940006462889,0.9036582308828446
2025-02-18,OWID_WRL,7897682263,183370222,4,0.7054940006462889,0.9036582308828446
2025-02-19,OWID_WRL,7897874002,183373440,4,0.7054940006462889,0.9036582308828446
2025-02-20,OWID_WRL,7898065724,183376672,4,0.7054940006462889,0.9036582308828446
2025-02-21,OWID_WRL,7898257429,183379917,3,0.7054940006462889,0.9036582308828446
2025-02-22,OWID_WRL,7898449116,183383175,3,0.7054940006462889,0.9036582308828446
2025-02-23,OWID_WRL,7898640786,183386446,3,0.7054940006462889,0.9036582308828446
2025-02-24,OWID_WRL,7898832439,183389729,3,0.7054940006462889,0.9036582308828446
2025-02-25,OWID_WRL,7899024076,183393025,3,0.7054940006462889,0.9036582308828446
2025-02-26,OWID_WRL,7899215696,183396333,3,0.7054940006462889,0.9036582308828446
2025-02-27,OWID_WRL,7899407299,183399654,3,0.7054940006462889,0.9036582308828446
2025-02-28,OWID_WRL,7899598885,183402986,3,0.7054940006462889,0.9036582308828446
2025-03-01,OWID_WRL,7899790456,183406331,3,0.7054940006462889,0.9036582308828446
2025-03-02,OWID_WRL,7899982010,183409687,3,0.7054940006462889,0.9036582308828446
2025-03-03,OWID_WRL,7900173548,183413055,3,0.7054940006462889,0.9036582308828446
2025-03-04,OWID_WRL,7900365071,183416435,3,0.7054940006462889,0.9036582308828446
2025-03-05,OWID_WRL,7900556577,183419826,3,0.7054940006462889,0.9036582308828446
2025-03-06,OWID_WRL,7900748068,183423229,3,0.7054940006462889,0.9036582308828446
2025-03-07,OWID_WRL,7900939544,183426643,3,0.7054940006462889,0.9036582308828446
2025-03-08,OWID_WRL,7901131004,183430068,2,0.7054940006462889,0.9036582308828446
2025-03-09,OWID_WRL,7901322448,183433504,2,0.7054940006462889,0.9036582308828446
2025-03-10,OWID_WRL,7901513878,183436950,2,0.7054940006462889,0.9036582308828446
2025-03-11,OWID_WRL,7901705293,183440408,2,0.7054940006462889,0.9036582308828446
2025-03-12,OWID_WRL,7901896692,183443876,2,0.7054940006462889,0.9036582308828446
2025-03-13,OWID_WRL,7902088077,183447354,2,0.7054940006462889,0.9036582308828446
2025-03-14,OWID_WRL,7902279447,183450843,2,0.7054940006462889,0.9036582308828446
2025-03-15,OWID_WRL,7902470803,183454342,2,0.7054940006462889,0.9036582308828446
2025-03-16,OWID_WRL,7902662144,183457852,2,0.7054940006462889,0.9036582308828446
2025-03-17,OWID_WRL,7902853471,183461371,2,0.7054940006462889,0.9036582308828446
2025-03-18,OWID_WRL,7903044783,183464900,2,0.7054940006462889,0.9036582308828446
2025-03-19,OWID_WRL,7903236082,183468440,2,0.7054940006462889,0.9036582308828446
2025-03-20,OWID_WRL,7903427366,183471988,2,0.7054940006462889,0.9036582308828446
2025-03-21,OWID_WRL,7903618637,183475547,2,0.7054940006462889,0.9036582308828446
2025-03-22,OWID_WRL,7903809894,183479115,2,0.7054940006462889,0.9036582308828446
2025-03-23,OWID_WRL,7904001137,183482692,2,0.7054940006462889,0.9036582308828446
2025-03-24,OWID_WRL,7904192366,183486279,2,0.7054940006462889,0.9036582308828446
2025-03-25,OWID_WRL,7904383582,183489875,2,0.7054940006462889,0.9036582308828446
2025-03-26,OWID_WRL,7904574785,183493479,2,0.7054940006462889,0.9036582308828446
2025-03-27,OWID_WRL,7904765974,183497093,2,0.7054940006462889,0.9036582308828446
2025-03-28,OWID_WRL,7904957150,183500716,2,0.7054940006462889,0.9036582308828446
2025-03-29,OWID_WRL,7905148313,183504348,2,0.7054940006462889,0.9036582308828446
2025-03-30,OWID_WRL,7905339463,183507988,1,0.7054940006462889,0.9036582308828446
2025-03-31,OWID_WRL,7905530600,183511637,1,0.7054940006462889,0.9036582308828446
2025-04-01,OWID_WRL,7905721725,183515294,1,0.7054940006462889,0.9036582308828446
2025-04-02,OWID_WRL,7905912836,183518960,1,0.7054940006462889,0.9036582308828446
2025-04-03,OWID_WRL,7906103935,183522634,1,0.7054940006462889,0.9036582308828446
2025-04-04,OWID_WRL,7906295022,183526316,1,0.7054940006462889,0.9036582308828446
2025-04-05,OWID_WRL,7906486096,183530006,1,0.7054940006462889,0.9036582308828446
2025-04-06,OWID_WRL,7906677157,183533705,1,0.7054940006462889,0.9036582308828446
2025-04-07,OWID_WRL,7906868207,183537411,1,0.7054940006462889,0.9036582308828446
2025-04-08,OWID_WRL,7907059244,183541125,1,0.7054940006462889,0.9036582308828446
2025-04-09,OWID_WRL,7907250269,183544847,1,0.7054940006462889,0.9036582308828446
2025-04-10,OWID_WRL,7907441283,183548577,1,0.7054940006462889,0.9036582308828446
2025-04-11,OWID_WRL,7907632284,183552314,1,0.7054940006462889,0.9036582308828446
2025-04-12,OWID_WRL,7907823273,183556059,1,0.7054940006462889,0.9036582308828446
2025-04-13,OWID_WRL,7908014251,183559812,1,0.7054940006462889,0.9036582308828446
2025-04-14,OWID_WRL,7908205217,183563571,1,0.7054940006462889,0.9036582308828446
2025-04-15,OWID_WRL,7908396172,183567338,1,0.7054940006462889,0.9036582308828446
2025-04-16,OWID_WRL,7908587115,183571112,1,0.7054940006462889,0.9036582308828446
2025-04-17,OWID_WRL,7908778046,183574893,1,0.7054940006462889,0.9036582308828446
2025-04-18,OWID_WRL,7908968967,183578682,1,0.7054940006462889,0.9036582308828446
2025-04-19,OWID_WRL,7909159876,183582477,1,0.7054940006462889,0.9036582308828446
2025-04-20,OWID_WRL,7909350774,183586279,1,0.7054940006462889,0.9036582308828446
2025-04-21,OWID_WRL,7909541660,183590088,1,0.7054940006462889,0.9036582308828446
2025-04-22,OWID_WRL,7909732536,183593903,1,0.7054940006462889,0.9036582308828446
2025-04-23,OWID_WRL,7909923401,183597726,1,0.7054940006462889,0.9036582308828446
2025-04-24,OWID_WRL,7910114255,183601555,1,0.7054940006462889,0.9036582308828446
2025-04-25,OWID_WRL,7910305098,183605390,1,0.7054940006462889,0.9036582308828446
2025-04-26,OWID_WRL,7910495930,183609232,1,0.7054940006462889,0.9036582308828446
2025-04-27,OWID_WRL,7910686752,183613080,1,0.7054940006462889,0.9036582308828446
2025-04-28,OWID_WRL,7910877563,183616934,1,0.7054940006462889,0.9036582308828446
2025-04-29,OWID_WRL,7911068363,183620795,1,0.7054940006462889,0.9036582308828446
2025-04-30,OWID_WRL,7911259154,183624662,1,0.7054940006462889,0.9036582308828446
2025-05-01,OWID_WRL,7911449933,183628535,1,0.7054940006462889,0.9036582308828446
2025-05-02,OWID_WRL,7911640703,183632414,1,0.7054940006462889,0.9036582308828446
2025-05-03,OWID_WRL,7911831462,183636299,1,0.7054940006462889,0.9036582308828446
2025-05-04,OWID_WRL,7912022211,183640189,1,0.7054940006462889,0.9036582308828446
2025-05-05,OWID_WRL,7912212950,183644086,0,0.7054940006462889,0.9036582308828446
2025-05-06,OWID_WRL,7912403678,183647988,0,0.7054940006462889,0.9036582308828446
2025-05-07,OWID_WRL,7912594397,183651896,0,0.7054940006462889,0.9036582308828446
2025-05-08,OWID_WRL,7912785106,183655810,0,0.7054940006462889,0.9036582308828446
2025-05-09,OWID_WRL,7912975805,183659729,0,0.7054940006462889,0.9036582308828446
2025-05-10,OWID_WRL,7913166494,183663654,0,0.7054940006462889,0.9036582308828446
2025-05-11,OWID_WRL,7913357174,183667584,0,0.7054940006462889,0.9036582308828446
2025-05-12,OWID_WRL,7913547844,183671520,0,0.7054940006462889,0.9036582308828446
2025-05-13,OWID_WRL,7913738504,183675461,0,0.7054940006462889,0.9036582308828446
2025-05-14,OWID_WRL,7913929154,183679407,0,0.7054940006462889,0.9036582308828446
2025-05-15,OWID_WRL,7914119796,183683358,0,0.7054940006462889,0.9036582308828446
2025-05-16,OWID_WRL,7914310427,183687315,0,0.7054940006462889,0.9036582308828446
2025-05-17,OWID_WRL,7914501050,183691276,0,0.7054940006462889,0.9036582308828446
2025-05-18,OWID_WRL,7914691663,183695243,0,0.7054940006462889,0.9036582308828446
2025-05-19,OWID_WRL,7914882266,183699214,0,0.7054940006462889,0.9036582308828446
2025-05-20,OWID_WRL,7915072861,183703191,0,0.7054940006462889,0.9036582308828446
2025-05-21,OWID_WRL,7915263446,183707172,0,0.7054940006462889,0.9036582308828446
2025-05-22,OWID_WRL,7915454022,183711159,0,0.7054940006462889,0.9036582308828446
2025-05-23,OWID_WRL,7915644589,183715150,0,0.7054940006462889,0.9036582308828446
2025-05-24,OWID_WRL,7915835147,183719145,0,0.7054940006462889,0.9036582308828446
2025-05-25,OWID_WRL,7916025697,183723146,0,0.7054940006462889,0.9036582308828446
2025-05-26,OWID_WRL,7916216237,183727151,0,0.7054940006462889,0.9036582308828446
2025-05-27,OWID_WRL,7916406768,183731160,0,0.7054940006462889,0.9036582308828446
2025-05-28,OWID_WRL,7916597291,183735174,0,0.7054940006462889,0.9036582308828446
2025-05-29,OWID_WRL,7916787805,183739192,0,0.7054940006462889,0.9036582308828446
2025-05-30,OWID_WRL,7916978310,183743215,0,0.7054940006462889,0.9036582308828446
2025-05-31,OWID_WRL,7917168807,183747242,0,0.7054940006462889,0.9036582308828446
2025-06-01,OWID_WRL,7917359295,183751274,0,0.7054940006462889,0.9036582308828446
2025-06-02,OWID_WRL,7917549774,183755310,0,0.7054940006462889,0.9036582308828446
2025-06-03,OWID_WRL,7917740245,183759350,0,0.7054940006462889,0.9036582308828446
2025-06-04,OWID_WRL,7917930707,183763394,0,0.7054940006462889,0.9036582308828446
2025-06-05,OWID_WRL,7918121161,183767442,0,0.7054940006462889,0.9036582308828446
2025-06-06,OWID_WRL,7918311607,183771494,0,0.7054940006462889,0.9036582308828446
2025-06-07,OWID_WRL,7918502044,183775550,0,0.7054940006462889,0.9036582308828446
2025-06-08,OWID_WRL,7918692474,183779611,0,0.7054940006462889,0.9036582308828446
2025-06-09,OWID_WRL,7918882894,183783675,0,0.7054940006462889,0.9036582308828446
2025-06-10,OWID_WRL,7919073307,183787743,0,0.7054940006462889,0.9036582308828446
2025-06-11,OWID_WRL,7919263712,183791815,0,0.7054940006462889,0.9036582308828446
2025-06-12,OWID_WRL,7919454108,183795891,0,0.7054940006462889,0.9036582308828446
2025-06-13,OWID_WRL,7919644497,183799970,0,0.7054940006462889,0.9036582308828446
2025-06-14,OWID_WRL,7919834877,183804053,0,0.7054940006462889,0.9036582308828446
2025-06-15,OWID_WRL,7920025249,183808140,0,0.7054940006462889,0.9036582308828446
2025-06-16,OWID_WRL,7920215614,183812231,0,0.7054940006462889,0.9036582308828446
2025-06-17,OWID_WRL,7920405970,183816325,0,0.7054940006462889,0.9036582308828446
2025-06-18,OWID_WRL,7920596319,183820423,0,0.7054940006462889,0.9036582308828446
2025-06-19,OWID_WRL,7920786660,183824524,0,0.7054940006462889,0.9036582308828446
2025-06-20,OWID_WRL,7920976993,183828629,0,0.7054940006462889,0.9036582308828446
2025-06-21,OWID_WRL,7921167319,183832737,0,0.7054940006462889,0.9036582308828446
2025-06-22,OWID_WRL,7921357637,183836848,0,0.7054940006462889,0.9036582308828446
2025-06-23,OWID_WRL,7921547947,183840963,0,0.7054940006462889,0.9036582308828446
2025-06-24,OWID_WRL,7921738249,183845081,0,0.7054940006462889,0.9036582308828446
2025-06-25,OWID_WRL,7921928544,183849203,0,0.7054940006462889,0.9036582308828446
2025-06-26,OWID_WRL,7922118831,183853327,0,0.7054940006462889,0.9036582308828446
2025-06-27,OWID_WRL,7922309111,183857455,0,0.7054940006462889,0.9036582308828446
2025-06-28,OWID_WRL,7922499384,183861586,0,0.7054940006462889,0.9036582308828446
2025-06-29,OWID_WRL,7922689649,183865720,0,0.7054940006462889,0.9036582308828446
2025-06-30,OWID_WRL,7922879906,183869858,0,0.7054940006462889,0.9036582308828446
2025-07-01,OWID_WRL,7923070157,183873998,0,0.7054940006462889,0.9036582308828446
2025-07-02,OWID_WRL,7923260400,183878142,0,0.7054940006462889,0.9036582308828446
2025-07-03,OWID_WRL,7923450635,183882288,0,0.7054940006462889,0.9036582308828446
2025-07-04,OWID_WRL,7923640864,183886437,0,0.7054940006462889,0.9036582308828446
2025-07-05,OWID_WRL,7923831085,183890590,0,0.7054940006462889,0.9036582308828446
2025-07-06,OWID_WRL,7924021299,183894745,0,0.7054940006462889,0.9036582308828446
2025-07-07,OWID_WRL,7924211505,183898903,0,0.7054940006462889,0.9036582308828446
2025-07-08,OWID_WRL,7924401705,183903064,0,0.7054940006462889,0.9036582308828446
2025-07-09,OWID_WRL,7924591898,183907228,0,0.7054940006462889,0.9036582308828446
2025-07-10,OWID_WRL,7924782083,183911394,0,0.7054940006462889,0.9036582308828446
2025-07-11,OWID_WRL,7924972262,183915563,0,0.7054940006462889,0.9036582308828446
2025-07-12,OWID_WRL,7925162433,183919735,0,0.7054940006462889,0.9036582308828446
2025-07-13,OWID_WRL,7925352598,183923910,0,0.7054940006462889,0.9036582308828446
2025-07-14,OWID_WRL,7925542755,183928087,0,0.7054940006462889,0.9036582308828446
2025-07-15,OWID_WRL,7925732906,183932267,0,0.7054940006462889,0.9036582308828446
2025-07-16,OWID_WRL,7925923050,183936449,0,0.7054940006462889,0.9036582308828446
2025-07-17,OWID_WRL,7926113187,183940634,0,0.7054940006462889,0.9036582308828446
2025-07-18,OWID_WRL,7926303317,183944822,0,0.7054940006462889,0.9036582308828446
2025-07-19,OWID_WRL,7926493440,183949012,0,0.7054940006462889,0.9036582308828446
2025-07-20,OWID_WRL,7926683557,183953204,0,0.7054940006462889,0.9036582308828446
2025-07-21,OWID_WRL,7926873667,183957399,0,0.7054940006462889,0.9036582308828446
2025-07-22,OWID_WRL,7927063770,183961597,0,0.7054940006462889,0.9036582308828446
2025-07-23,OWID_WRL,7927253866,183965796,0,0.7054940006462889,0.9036582308828446
2025-07-24,OWID_WRL,7927443956,183969998,0,0.7054940006462889,0.9036582308828446
2025-07-25,OWID_WRL,7927634039,183974203,0,0.7054940006462889,0.9036582308828446
2025-07-26,OWID_WRL,7927824116,183978410,0,0.7054940006462889,0.9036582308828446
2025-07-27,OWID_WRL,7928014186,183982619,0,0.7054940006462889,0.9036582308828446
2025-07-28,OWID_WRL,7928204249,183986830,0,0.7054940006462889,0.9036582308828446
2025-07-29,OWID_WRL,7928394306,183991044,0,0.7054940006462889,0.9036582308828446
2025-07-30,OWID_WRL,7928584357,183995259,0,0.7054940006462889,0.9036582308828446
2025-07-31,OWID_WRL,7928774401,183999477,0,0.7054940006462889,0.9036582308828446
2025-08-01,OWID_WRL,7928964438,184003697,0,0.7054940006462889,0.9036582308828446
2025-08-02,OWID_WRL,7929154470,184007919,0,0.7054940006462889,0.9036582308828446
2025-08-03,OWID_WRL,7929344494,184012144,0,0.7054940006462889,0.9036582308828446
2025-08-04,OWID_WRL,7929534513,184016370,0,0.7054940006462889,0.9036582308828446
2025-08-05,OWID_WRL,7929724525,184020598,0,0.7054940006462889,0.9036582308828446
2025-08-06,OWID_WRL,7929914530,184024829,0,0.7054940006462889,0.9036582308828446
2025-08-07,OWID_WRL,7930104530,184029061,0,0.7054940006462889,0.9036582308828446
2025-08-08,OWID_WRL,7930294523,184033296,0,0.7054940006462889,0.9036582308828446
2025-08-09,OWID_WRL,7930484510,184037532,0,0.7054940006462889,0.9036582308828446
2025-08-10,OWID_WRL,7930674490,184041771,0,0.7054940006462889,0.9036582308828446
2025-08-11,OWID_WRL,7930864465,184046011,0,0.7054940006462889,0.9036582308828446
2025-08-12,OWID_WRL,7931054433,184050253,0,0.7054940006462889,0.9036582308828446
2025-08-13,OWID_WRL,7931244395,184054497,0,0.7054940006462889,0.9036582308828446
2025-08-14,OWID_WRL,7931434351,184058743,0,0.7054940006462889,0.9036582308828446
2025-08-15,OWID_WRL,7931624301,184062991,0,0.7054940006462889,0.9036582308828446
2025-08-16,OWID_WRL,7931814245,184067240,0,0.7054940006462889,0.9036582308828446
2025-08-17,OWID_WRL,7932004182,184071492,0,0.7054940006462889,0.9036582308828446
2025-08-18,OWID_WRL,7932194114,184075745,0,0.7054940006462889,0.9036582308828446
2025-08-19,OWID_WRL,7932384039,184080000,0,0.7054940006462889,0.9036582308828446
2025-08-20,OWID_WRL,7932573959,184084256,0,0.7054940006462889,0.9036582308828446
2025-08-21,OWID_WRL,7932763873,184088514,0,0.7054940006462889,0.9036582308828446
2025-08-22,OWID_WRL,7932953780,184092774,0,0.7054940006462889,0.9036582308828446
2025-08-23,OWID_WRL,7933143682,184097036,0,0.7054940006462889,0.9036582308828446
2025-08-24,OWID_WRL,7933333577,184101299,0,0.7054940006462889,0.9036582308828446
2025-08-25,OWID_WRL,7933523467,184105564,0,0.7054940006462889,0.9036582308828446
2025-08-26,OWID_WRL,7933713351,184109831,0,0.7054940006462889,0.9036582308828446
2025-08-27,OWID_WRL,7933903229,184114099,0,0.7054940006462889,0.9036582308828446
2025-08-28,OWID_WRL,7934093101,184118369,0,0.7054940006462889,0.9036582308828446
2025-08-29,OWID_WRL,7934282967,184122640,0,0.7054940006462889,0.9036582308828446
2025-08-30,OWID_WRL,7934472828,184126913,0,0.7054940006462889,0.9036582308828446
2025-08-31,OWID_WRL,7934662682,184131187,0,0.7054940006462889,0.9036582308828446
2025-09-01,OWID_WRL,7934852531,184135463,0,0.7054940006462889,0.9036582308828446
2025-09-02,OWID_WRL,7935042374,184139740,0,0.7054940006462889,0.9036582308828446
2025-09-03,OWID_WRL,7935232211,184144019,0,0.7054940006462889,0.9036582308828446
2025-09-04,OWID_WRL,7935422043,184148299,0,0.7054940006462889,0.9036582308828446
2025-09-05,OWID_WRL,7935611869,184152581,0,0.7054940006462889,0.9036582308828446
2025-09-06,OWID_WRL,7935801689,184156864,0,0.7054940006462889,0.9036582308828446
2025-09-07,OWID_WRL,7935991503,184161149,0,0.7054940006462889,0.9036582308828446
2025-09-08,OWID_WRL,7936181312,184165435,0,0.7054940006462889,0.9036582308828446
2025-09-09,OWID_WRL,7936371115,184169722,0,0.7054940006462889,0.9036582308828446
2025-09-10,OWID_WRL,7936560913,184174011,0,0.7054940006462889,0.9036582308828446
2025-09-11,OWID_WRL,7936750705,184178301,0,0.7054940006462889,0.9036582308828446
2025-09-12,OWID_WRL,7936940491,184182592,0,0.7054940006462889,0.9036582308828446
2025-09-13,OWID_WRL,7937130272,184186884,0,0.7054940006462889,0.9036582308828446
2025-09-14,OWID_WRL,7937320047,184191178,0,0.7054940006462889,0.9036582308828446
2025-09-15,OWID_WRL,7937509816,184195473,0,0.7054940006462889,0.9036582308828446
2025-09-16,OWID_WRL,7937699580,184199770,0,0.7054940006462889,0.9036582308828446
2025-09-17,OWID_WRL,7937889339,184204068,0,0.7054940006462889,0.9036582308828446
2025-09-18,OWID_WRL,7938079091,184208366,0,0.7054940006462889,0.9036582308828446
2025-09-19,OWID_WRL,7938268839,184212667,0,0.7054940006462889,0.9036582308828446
2025-09-20,OWID_WRL,7938458581,184216968,0,0.7054940006462889,0.9036582308828446
2025-09-21,OWID_WRL,7938648317,184221270,0,0.7054940006462889,0.9036582308828446
2025-09-22,OWID_WRL,7938838048,184225574,0,0.7054940006462889,0.9036582308828446
2025-09-23,OWID_WRL,7939027774,184229879,0,0.7054940006462889,0.9036582308828446
2025-09-24,OWID_WRL,7939217494,184234185,0,0.7054940006462889,0.9036582308828446
2025-09-25,OWID_WRL,7939407209,184238492,0,0.7054940006462889,0.9036582308828446
2025-09-26,OWID_WRL,7939596918,184242800,0,0.7054940006462889,0.9036582308828446
2025-09-27,OWID_WRL,7939786622,184247110,0,0.7054940006462889,0.9036582308828446
2025-09-28,OWID_WRL,7939976320,184251420,0,0.7054940006462889,0.9036582308828446
2025-09-29,OWID_WRL,7940166014,184255731,0,0.7054940006462889,0.9036582308828446
2025-09-30,OWID_WRL,7940355701,184260044,0,0.7054940006462889,0.9036582308828446
2025-10-01,OWID_WRL,7940545384,184264358,0,0.7054940006462889,0.9036582308828446
2025-10-02,OWID_WRL,7940735061,184268672,0,0.7054940006462889,0.9036582308828446
2025-10-03,OWID_WRL,7940924733,184272988,0,0.7054940006462889,0.9036582308828446
2025-10-04,OWID_WRL,7941114400,184277305,0,0.7054940006462889,0.9036582308828446
2025-10-05,OWID_WRL,7941304061,184281623,0,0.7054940006462889,0.9036582308828446
2025-10-06,OWID_WRL,7941493717,184285941,0,0.7054940006462889,0.9036582308828446
2025-10-07,OWID_WRL,7941683368,184290261,0,0.7054940006462889,0.9036582308828446
2025-10-08,OWID_WRL,7941873013,184294582,0,0.7054940006462889,0.9036582308828446
2025-10-09,OWID_WRL,7942062653,184298903,0,0.7054940006462889,0.9036582308828446
2025-10-10,OWID_WRL,7942252288,184303226,0,0.7054940006462889,0.9036582308828446
2025-10-11,OWID_WRL,7942441918,184307549,0,0.7054940006462889,0.9036582308828446
2025-10-12,OWID_WRL,7942631543,184311874,0,0.7054940006462889,0.9036582308828446
2025-10-13,OWID_WRL,7942821162,184316199,0,0.7054940006462889,0.9036582308828446
2025-10-14,OWID_WRL,7943010776,184320525,0,0.7054940006462889,0.9036582308828446
