Year,iso_code,Country,Jan,Feb,Mar,Apr,May,Jun,Jul,Aug,Sep,Oct,Nov,Dec
2019,ABW,Aruba,27.7,27.6,27.9,29.0,29.4,30.5,30.4,31.2,31.2,30.1,29.5,28.1
2020,ABW,Aruba,27.9,28.4,28.4,29.2,30.0,30.3,30.2,30.9,31.1,29.8,28.4,27.8
2021,ABW,Aruba,27.5,27.6,27.7,28.6,29.5,29.7,30.0,30.2,30.8,29.9,28.9,27.9
2019,AFG,Afghanistan,1.79,2.24,7.84,14.23,18.42,22.97,26.73,24.15,20.7,14.32,5.17,3.11
2020,AFG,Afghanistan,-0.72,4.21,7.94,13.54,19.02,23.64,25.87,24.46,18.37,12.03,5.52,0.48
2021,AFG,Afghanistan,-0.55,5.65,9.81,15.27,19.94,24.95,26.8,24.81,20.73,12.98,6.72,3.98
2019,AGO,Angola,22.69,22.89,22.98,22.23,20.8,18.43,18.61,20.6,22.17,23.53,23.42,23.41
2020,AGO,Angola,22.79,23.07,22.93,22.56,21.1,18.67,18.47,20.3,22.23,23.24,22.79,22.67
2021,AGO,Angola,22.57,22.83,22.68,22.35,21.06,18.98,18.55,20.59,22.7,23.14,22.88,22.66
2019,AIA,Anguilla,26.3,26.1,26.6,27.2,27.6,29.0,29.3,29.6,29.4,28.9,28.4,27.6
2020,AIA,Anguilla,26.6,27.1,26.5,27.4,28.5,29.2,29.1,29.6,29.4,28.5,27.5,26.4
2021,AIA,Anguilla,26.4,26.4,26.5,27.1,27.7,28.4,29.0,29.2,29.3,29.1,28.3,27.0
2019,ALB,Albania,1.94,5.04,8.78,11.26,13.59,21.02,22.43,23.88,19.3,15.03,11.45,6.11
2020,ALB,Albania,3.25,6.15,7.79,11.04,15.54,18.28,22.28,23.15,19.82,13.91,9.19,6.52
2021,ALB,Albania,4.46,5.87,6.17,9.53,15.67,20.12,23.41,23.39,18.57,12.02,9.92,5.38
2019,AND,Andorra,0.24,2.46,4.62,5.65,8.71,14.49,18.87,17.81,14.76,10.75,4.44,4.03
2020,AND,Andorra,2.14,3.98,3.92,7.03,11.74,13.45,17.99,17.9,14.48,8.27,5.75,2.16
2021,AND,Andorra,0.32,3.71,3.5,4.96,9.04,15.05,16.74,16.61,14.95,9.44,3.75,2.75
2019,ARE,United Arab Emirates,19.71,20.13,22.48,27.76,32.5,35.61,36.75,36.36,35.05,31.0,24.1,21.76
2020,ARE,United Arab Emirates,18.32,20.95,22.81,28.02,32.75,35.48,36.95,36.84,33.79,28.9,24.94,20.67
2021,ARE,United Arab Emirates,18.42,21.35,25.44,29.78,33.48,35.31,37.0,36.47,34.42,30.07,25.15,21.65
2019,ARG,Argentina,21.17,20.7,17.57,15.58,11.63,9.6,8.17,9.63,12.44,15.51,19.73,20.89
2020,ARG,Argentina,21.96,20.65,20.61,15.56,11.63,8.85,7.0,10.36,13.1,16.2,19.62,20.85
2021,ARG,Argentina,21.1,20.47,18.58,16.46,10.88,8.05,8.54,10.54,13.87,16.42,18.5,21.73
2019,ARM,Armenia,-4.71,-3.55,1.03,6.76,13.96,19.51,20.93,20.8,15.61,11.98,2.05,-1.21
2020,ARM,Armenia,-5.87,-4.1,3.64,6.98,12.72,17.82,21.66,19.09,17.8,11.19,3.13,-3.28
2021,ARM,Armenia,-5.35,-2.68,1.32,10.52,14.32,19.01,21.79,21.46,16.08,8.57,3.36,-2.98
2019,ATG,Antigua and Barbuda,25.5,25.5,26.0,26.6,27.4,28.6,29.0,29.0,28.7,28.1,27.5,27.1
2020,ATG,Antigua and Barbuda,26.0,26.4,25.8,27.0,28.2,28.8,29.0,29.1,28.6,27.7,26.8,25.9
2021,ATG,Antigua and Barbuda,25.7,25.8,25.9,26.6,27.4,28.0,28.7,28.8,28.5,28.3,27.5,26.6
2019,AUS,Australia,30.02,28.25,27.09,22.97,18.49,15.12,15.52,16.01,19.99,24.45,26.16,29.78
2020,AUS,Australia,29.0,28.14,26.03,23.43,17.37,15.9,14.91,17.01,21.29,23.47,27.33,27.2
2021,AUS,Australia,28.15,27.16,25.62,22.08,18.44,15.16,15.57,17.02,19.99,23.28,24.56,27.93
2019,AUT,Austria,-2.92,1.54,4.47,7.75,8.52,17.48,18.07,17.91,13.1,9.58,4.06,0.77
2020,AUT,Austria,-0.4,2.69,2.99,8.77,10.26,14.57,16.87,17.8,13.75,7.75,3.66,0.06
2021,AUT,Austria,-2.09,0.65,2.16,4.47,8.88,17.55,17.41,15.25,13.82,7.45,2.54,-0.27
2019,AZE,Azerbaijan,3.64,3.93,6.57,11.41,18.74,25.09,25.37,24.6,19.71,16.79,7.42,5.79
2020,AZE,Azerbaijan,2.65,3.82,8.69,11.17,17.48,23.5,26.03,22.76,21.79,15.5,8.64,2.78
2021,AZE,Azerbaijan,2.47,4.39,6.43,15.25,18.91,24.59,26.03,25.85,20.73,13.28,8.66,4.36
2019,BDI,Burundi,20.55,21.33,20.99,21.16,18.72,19.9,20.17,21.4,21.9,21.14,20.37,20.04
2020,BDI,Burundi,20.5,20.09,20.17,19.62,20.39,19.79,19.86,20.73,21.59,21.63,20.33,20.54
2021,BDI,Burundi,20.44,19.83,20.16,20.49,20.03,19.56,19.63,20.61,21.45,21.57,21.1,21.44
2019,BEL,Belgium,2.82,6.28,8.14,10.59,11.7,18.72,19.57,19.3,15.13,11.79,6.31,5.88
2020,BEL,Belgium,5.46,6.81,7.05,11.89,13.5,17.38,18.02,20.94,16.22,11.25,8.37,5.55
2021,BEL,Belgium,2.75,4.45,6.71,6.95,11.06,18.61,18.02,17.15,16.35,11.29,6.46,5.45
2019,BEN,Benin,28.09,28.86,31.43,30.37,29.03,27.22,26.8,26.28,26.99,27.07,28.59,27.41
2020,BEN,Benin,27.31,29.7,31.83,31.47,30.14,28.32,26.43,25.77,26.35,27.5,28.24,28.18
2021,BEN,Benin,28.57,29.71,31.3,31.57,30.34,28.13,26.77,26.25,26.81,28.35,28.81,27.91
2019,BFA,Burkina Faso,26.04,28.17,31.88,32.79,32.29,29.78,28.59,27.65,28.78,29.25,29.65,26.62
2020,BFA,Burkina Faso,25.82,28.65,33.07,34.57,33.67,30.86,28.56,27.21,27.76,29.15,28.39,27.85
2021,BFA,Burkina Faso,27.58,29.04,32.52,34.26,33.62,30.61,28.54,27.46,28.62,30.48,30.18,27.28
2019,BGD,Bangladesh,19.5,20.84,24.54,27.59,29.11,29.31,28.88,29.16,28.43,27.05,23.98,18.62
2020,BGD,Bangladesh,17.41,20.81,24.85,27.18,28.01,28.65,28.75,28.94,28.84,28.32,23.59,19.09
2021,BGD,Bangladesh,18.24,20.87,26.34,28.23,28.59,28.18,28.67,28.57,29.0,28.23,23.25,19.73
2019,BGR,Bulgaria,0.18,2.94,7.97,10.72,15.57,21.8,22.2,23.38,18.85,14.06,11.49,4.09
2020,BGR,Bulgaria,0.38,4.63,7.55,10.27,15.0,19.53,22.59,23.17,20.07,14.6,6.94,4.95
2021,BGR,Bulgaria,2.42,3.63,4.59,9.06,15.88,19.92,23.67,22.98,17.57,11.2,8.63,3.67
2019,BHR,Bahrain,18.96,18.73,20.66,25.71,32.2,36.59,37.7,36.79,35.72,32.04,23.72,20.87
2020,BHR,Bahrain,17.5,19.68,21.94,26.73,32.32,36.17,37.44,37.18,34.48,29.09,25.49,19.59
2021,BHR,Bahrain,17.91,20.3,24.4,29.22,33.8,36.59,37.76,37.13,35.0,31.11,25.32,20.77
2019,BHS,Bahamas,21.67,24.3,22.97,24.93,26.78,28.36,28.58,28.6,28.5,28.41,24.79,23.55
2020,BHS,Bahamas,22.94,23.45,24.66,25.46,25.93,28.0,28.79,29.05,28.44,27.74,25.93,21.43
2021,BHS,Bahamas,21.15,23.62,23.6,24.37,26.37,27.36,28.18,28.55,28.04,27.11,23.49,24.06
2019,BIH,Bosnia and Herzegovina,0.14,3.66,7.9,10.72,11.81,20.27,20.57,21.95,16.7,12.69,9.06,3.34
2020,BIH,Bosnia and Herzegovina,0.48,5.19,6.07,10.51,13.45,17.36,19.88,21.34,17.55,11.33,6.08,3.43
2021,BIH,Bosnia and Herzegovina,2.08,3.57,4.54,7.36,12.9,20.12,22.0,20.1,16.42,9.6,6.48,2.32
2019,BLR,Belarus,-5.44,-0.15,3.19,9.16,14.27,20.38,17.44,18.2,13.35,9.5,4.09,1.42
2020,BLR,Belarus,0.3,1.09,3.72,7.38,11.1,19.58,18.45,19.01,15.2,10.46,3.68,-1.08
2021,BLR,Belarus,-4.37,-6.42,1.0,6.66,12.49,19.71,21.88,17.65,11.42,7.38,3.35,-3.75
2019,BLZ,Belize,22.77,24.93,25.07,26.37,28.11,28.07,27.48,27.54,27.58,26.41,24.64,23.55
2020,BLZ,Belize,23.56,24.8,26.13,28.34,28.05,27.77,27.82,27.84,27.4,26.48,24.76,23.58
2021,BLZ,Belize,23.44,24.3,25.72,27.32,27.95,27.7,27.55,27.44,27.38,26.74,23.99,24.18
2019,BMU,Bermuda,18.1,18.2,17.8,19.8,21.5,24.4,26.6,27.3,26.2,24.2,21.6,19.1
2020,BMU,Bermuda,18.1,18.6,18.4,18.8,20.1,22.7,26.0,27.5,26.3,24.8,21.7,19.4
2021,BMU,Bermuda,17.4,18.4,17.5,18.3,20.8,24.4,26.0,27.1,26.4,24.6,21.3,20.1
2019,BOL,Bolivia,22.66,22.34,21.97,21.62,19.0,18.37,18.09,18.65,21.36,21.73,22.79,22.38
2020,BOL,Bolivia,23.07,22.53,23.44,21.94,18.95,18.24,18.16,19.8,21.06,23.31,23.05,22.71
2021,BOL,Bolivia,21.99,22.23,21.81,21.55,18.6,16.59,18.24,19.38,22.26,22.73,22.19,22.38
2019,BRA,Brazil,26.54,26.35,26.25,26.07,25.41,24.82,23.98,25.06,26.65,26.84,26.84,26.54
2020,BRA,Brazil,26.56,26.34,26.38,25.65,24.73,24.55,24.46,25.33,26.8,27.22,26.64,26.54
2021,BRA,Brazil,26.23,25.92,25.74,25.56,24.68,24.06,23.81,25.41,26.74,26.67,26.12,26.02
2019,BRB,Barbados,25.03,25.23,25.92,26.37,27.23,27.61,27.43,27.55,27.68,27.12,26.82,26.52
2020,BRB,Barbados,25.63,25.93,25.8,26.97,27.73,27.7,27.55,27.75,27.68,26.82,26.4,25.62
2021,BRB,Barbados,25.33,25.33,25.7,26.37,27.03,27.3,27.33,27.45,27.58,27.32,26.7,26.13
2019,BRN,Brunei,27.2,26.98,27.42,28.14,28.22,27.76,27.33,27.75,27.66,26.95,27.3,26.8
2020,BRN,Brunei,27.3,27.15,27.62,28.04,28.16,27.08,26.96,27.56,27.02,26.85,27.0,26.87
2021,BRN,Brunei,26.2,26.35,27.12,27.54,27.7,27.5,27.65,27.05,26.95,27.45,27.0,26.9
2019,BTN,Bhutan,2.73,4.32,7.23,10.9,13.7,16.79,16.24,16.9,14.99,11.52,8.5,2.65
2020,BTN,Bhutan,1.62,4.14,7.74,9.85,12.6,15.97,16.46,16.87,15.03,13.08,7.57,3.69
2021,BTN,Bhutan,2.4,4.6,9.03,11.23,13.58,16.12,16.74,16.35,15.19,13.1,7.28,3.58
2019,BWA,Botswana,27.03,26.61,26.05,23.08,19.66,16.03,15.75,18.9,21.76,26.21,27.68,27.23
2020,BWA,Botswana,26.77,26.12,24.86,22.06,18.32,15.17,14.71,16.99,21.7,25.49,26.35,26.35
2021,BWA,Botswana,25.82,25.42,24.5,22.72,18.06,15.89,14.0,17.74,22.41,23.96,25.41,25.32
2019,CAF,Central African Republic,25.81,27.3,27.57,27.58,26.81,25.16,24.67,24.26,24.88,24.44,25.35,24.72
2020,CAF,Central African Republic,24.27,26.63,28.38,28.01,26.81,25.45,24.37,24.26,24.38,25.13,25.1,25.27
2021,CAF,Central African Republic,25.72,26.81,27.87,27.32,26.73,25.66,24.42,24.28,24.62,25.25,25.65,25.12
2019,CAN,Canada,-21.85,-23.11,-14.2,-6.49,2.07,9.01,13.08,11.21,6.24,-1.64,-10.98,-17.28
2020,CAN,Canada,-20.86,-19.87,-15.61,-7.53,1.6,9.48,13.63,11.8,5.85,-3.01,-11.43,-15.81
2021,CAN,Canada,-17.95,-22.03,-14.17,-6.15,1.67,10.35,13.54,12.13,6.66,-0.32,-10.46,-19.09
2019,CHE,Switzerland,-2.96,1.14,3.26,5.74,7.07,15.45,16.91,15.76,12.34,9.19,2.57,1.22
2020,CHE,Switzerland,0.32,2.27,2.21,8.23,9.87,12.87,16.08,16.36,13.0,6.63,4.14,0.02
2021,CHE,Switzerland,-2.5,1.24,1.7,3.67,7.02,15.4,14.67,13.64,12.98,6.95,1.95,0.08
2019,CHL,Chile,13.39,13.89,11.74,10.38,7.57,5.9,5.65,5.88,7.42,9.15,11.97,13.27
2020,CHL,Chile,14.52,13.77,13.72,10.8,7.97,5.74,4.37,5.86,8.06,9.87,12.07,13.01
2021,CHL,Chile,13.45,13.67,12.35,10.95,7.51,5.34,5.72,6.45,8.55,9.92,11.41,13.55
2019,CHN,China,-6.33,-3.95,3.12,10.05,13.66,18.11,20.12,19.67,15.65,8.83,1.56,-5.1
2020,CHN,China,-5.97,-2.53,3.52,8.79,14.52,18.21,20.0,19.55,14.95,8.05,1.47,-6.22
2021,CHN,China,-6.97,-1.26,4.13,8.64,14.1,18.38,20.96,19.09,15.95,8.44,0.71,-4.48
2019,CIV,Cote d'Ivoire,26.76,27.74,28.91,28.04,27.18,25.94,25.63,25.49,26.14,25.9,27.54,26.81
2020,CIV,Cote d'Ivoire,26.71,28.78,29.92,29.44,28.51,26.66,25.55,25.01,25.39,25.89,26.96,27.51
2021,CIV,Cote d'Ivoire,28.04,28.71,29.43,29.24,28.11,26.54,25.56,25.08,25.93,26.79,27.74,27.41
2019,CMR,Cameroon,25.0,25.42,26.73,26.32,25.44,24.31,24.0,23.64,24.32,24.16,24.8,24.43
2020,CMR,Cameroon,24.42,26.06,27.39,27.31,26.46,25.08,23.96,23.93,23.88,24.73,24.85,24.58
2021,CMR,Cameroon,24.76,25.81,26.81,26.85,25.92,25.16,24.13,23.97,24.34,24.84,25.29,24.68
2019,COD,Democratic Republic of Congo,24.64,24.69,25.09,24.74,24.17,23.49,23.42,24.15,24.62,24.41,24.62,24.4
2020,COD,Democratic Republic of Congo,24.57,25.02,25.13,25.03,24.84,23.77,23.43,24.1,24.37,24.62,24.41,24.5
2021,COD,Democratic Republic of Congo,24.54,24.77,24.78,24.76,24.62,24.03,23.38,24.06,24.56,24.66,24.71,24.71
2019,COG,Congo,25.64,25.26,26.24,25.47,25.18,23.81,24.09,24.34,24.86,24.56,25.22,25.3
2020,COG,Congo,25.68,26.34,26.54,26.56,26.23,24.6,24.32,24.53,24.48,24.97,24.92,25.29
2021,COG,Congo,25.23,26.03,25.73,25.89,25.88,25.15,24.16,24.48,24.83,24.88,25.23,25.32
2019,COK,Cook Islands,25.9,26.2,25.9,25.1,23.8,22.7,22.0,21.9,22.4,23.0,24.0,24.8
2020,COK,Cook Islands,25.8,26.2,25.9,25.1,23.9,22.7,22.0,21.8,22.5,23.0,24.0,24.9
2021,COK,Cook Islands,25.8,26.2,25.9,25.1,23.8,22.8,22.1,21.9,22.5,23.1,24.0,24.9
2019,COL,Colombia,25.49,25.95,25.93,25.71,25.26,25.13,24.84,25.24,25.43,24.92,25.57,25.63
2020,COL,Colombia,25.8,26.29,26.3,25.98,25.38,24.83,24.6,24.86,24.92,25.2,25.06,25.07
2021,COL,Colombia,25.07,25.49,24.93,25.32,25.1,24.42,24.49,24.54,24.88,25.15,25.02,25.3
2019,COM,Comoros,25.31,25.1,24.92,25.01,23.81,22.62,21.8,21.91,22.3,23.41,24.7,25.0
2020,COM,Comoros,24.81,25.3,25.12,24.91,24.11,22.92,21.8,21.61,21.81,23.41,24.4,25.01
2021,COM,Comoros,25.31,25.0,24.62,24.31,23.31,22.02,21.6,21.51,21.81,23.11,24.5,25.1
2019,CPV,Cape Verde,21.11,20.52,20.72,21.22,21.9,23.0,24.48,25.29,25.9,25.41,24.21,22.74
2020,CPV,Cape Verde,21.84,22.65,21.84,22.33,22.2,23.8,24.48,25.59,25.96,25.81,24.31,23.02
2021,CPV,Cape Verde,21.82,21.22,20.82,21.95,21.8,23.52,24.4,25.29,26.21,25.53,24.91,23.83
2019,CRI,Costa Rica,24.05,24.84,25.03,25.88,25.2,25.21,25.34,25.11,24.79,24.08,24.73,24.5
2020,CRI,Costa Rica,24.52,25.6,26.09,26.75,26.13,25.04,25.15,24.86,24.55,24.31,23.85,24.16
2021,CRI,Costa Rica,24.58,25.17,25.53,25.97,25.24,24.83,25.25,24.7,24.73,24.81,24.24,24.22
2019,CUB,Cuba,23.07,24.97,24.6,25.97,27.23,28.28,28.12,28.25,27.94,27.9,25.71,24.45
2020,CUB,Cuba,23.95,24.63,25.49,26.74,26.83,28.1,28.39,28.57,27.93,27.29,25.9,23.28
2021,CUB,Cuba,22.78,24.72,25.04,25.69,27.11,27.39,27.88,27.98,27.71,26.97,24.51,24.72
2019,CUW,Curacao,27.07,27.01,27.14,28.24,28.41,29.34,29.22,29.91,30.07,29.34,28.94,27.51
2020,CUW,Curacao,27.37,27.81,27.44,28.44,29.11,29.41,29.08,29.71,29.97,28.87,27.81,27.11
2021,CUW,Curacao,26.87,26.91,26.88,27.81,28.31,28.61,28.68,29.01,29.47,29.04,28.31,27.27
2019,CYM,Cayman Islands,25.9,27.3,26.7,27.6,28.6,29.6,29.3,29.3,29.3,29.6,28.3,27.4
2020,CYM,Cayman Islands,26.6,27.3,27.3,28.5,28.5,29.5,29.7,29.5,29.2,29.1,27.9,26.5
2021,CYM,Cayman Islands,25.8,27.1,27.0,27.4,28.6,28.9,29.2,29.0,29.1,29.0,27.2,27.5
2019,CYP,Cyprus,10.35,11.68,12.86,15.38,22.05,25.56,27.29,28.03,25.63,22.89,18.12,12.92
2020,CYP,Cyprus,10.16,11.38,13.89,16.51,21.2,23.97,28.41,28.37,27.73,23.96,16.87,14.0
2021,CYP,Cyprus,12.42,12.55,12.66,17.52,22.81,24.08,28.65,29.12,25.1,21.58,18.37,12.72
2019,CZE,Czechia,-1.69,2.57,5.9,9.69,10.91,19.35,19.18,19.62,13.94,10.09,5.47,2.12
2020,CZE,Czechia,0.73,3.93,4.34,9.85,11.42,16.82,18.26,19.68,14.74,9.33,4.53,1.59
2021,CZE,Czechia,-1.29,-0.1,3.43,5.79,10.95,19.31,19.29,16.55,14.7,8.64,3.93,0.34
2019,DEU,Germany,0.32,4.58,6.79,10.0,11.22,19.27,19.31,19.6,14.71,11.16,5.42,3.76
2020,DEU,Germany,3.64,5.33,5.46,10.99,12.31,17.27,18.11,20.49,15.59,10.35,6.77,3.02
2021,DEU,Germany,0.41,2.26,5.06,6.48,10.96,19.31,18.78,16.83,15.75,10.1,5.23,2.34
2019,DJI,Djibouti,24.29,25.86,26.55,28.86,30.08,31.56,33.67,32.03,30.83,27.73,26.28,25.02
2020,DJI,Djibouti,23.23,24.81,26.54,27.56,29.96,31.59,33.58,32.44,30.67,28.92,26.22,25.5
2021,DJI,Djibouti,24.85,25.1,27.22,25.58,29.53,32.74,32.91,33.08,31.04,28.17,26.17,24.9
2019,DMA,Dominica,25.07,25.2,25.84,26.27,27.34,27.92,28.06,28.27,28.32,27.34,27.17,26.87
2020,DMA,Dominica,25.77,26.0,25.64,26.8,27.97,28.12,28.13,28.4,28.32,26.92,26.57,25.67
2021,DMA,Dominica,25.37,25.43,25.64,26.27,27.24,27.52,27.93,28.17,28.22,27.62,27.07,26.37
2019,DNK,Denmark,1.63,4.43,5.44,8.59,10.08,16.71,16.92,17.74,13.68,9.89,5.76,4.63
2020,DNK,Denmark,5.31,4.87,4.55,8.2,10.27,16.54,15.14,18.48,14.27,10.73,7.83,4.21
2021,DNK,Denmark,0.72,0.62,4.26,5.55,10.08,16.77,18.43,15.8,14.79,10.75,6.81,1.88
2019,DOM,Dominican Republic,23.1,22.84,23.58,24.78,24.97,26.49,26.44,26.77,26.05,25.53,25.13,22.93
2020,DOM,Dominican Republic,22.83,24.01,23.84,24.8,25.63,26.51,26.07,26.66,26.21,25.21,23.85,22.75
2021,DOM,Dominican Republic,22.79,23.19,23.75,24.43,25.16,25.71,26.11,26.01,26.14,25.39,24.64,23.01
2019,DZA,Algeria,12.03,15.06,19.09,22.76,27.71,32.06,33.81,33.07,30.52,24.91,17.93,14.39
2020,DZA,Algeria,12.45,16.02,19.12,23.1,28.47,31.84,33.91,33.25,30.32,24.43,18.42,13.87
2021,DZA,Algeria,12.8,16.27,18.84,23.29,28.13,32.53,34.02,33.41,30.59,24.84,18.2,13.74
2019,ECU,Ecuador,22.17,22.34,22.01,22.17,22.18,21.27,21.85,21.59,21.63,21.63,22.34,22.45
2020,ECU,Ecuador,22.42,22.84,22.33,22.28,22.17,21.46,21.22,20.99,21.18,21.71,21.39,21.41
2021,ECU,Ecuador,21.87,20.58,21.02,21.62,21.65,20.91,21.26,21.34,21.22,21.64,21.58,21.81
2019,EGY,Egypt,13.0,15.01,17.6,22.42,27.95,31.1,31.47,30.71,28.6,26.12,20.63,15.45
2020,EGY,Egypt,12.73,14.95,18.97,22.66,26.35,27.75,30.82,30.9,30.43,26.85,18.9,16.54
2021,EGY,Egypt,15.42,15.81,19.24,23.91,28.56,29.57,31.55,31.44,28.69,25.31,21.17,15.34
2019,ERI,Eritrea,23.87,24.43,24.76,27.63,29.35,29.53,29.84,27.97,28.18,26.59,24.55,23.47
2020,ERI,Eritrea,20.95,23.08,25.52,26.59,28.29,29.06,29.68,28.31,27.97,27.43,25.05,24.52
2021,ERI,Eritrea,24.03,23.6,26.47,25.37,28.62,29.68,29.35,29.28,28.17,27.57,25.71,24.3
2019,ESH,Western Sahara,17.56,19.98,20.86,22.27,25.76,26.69,29.29,29.76,28.81,26.27,22.11,19.17
2020,ESH,Western Sahara,18.12,21.54,21.32,23.09,25.35,27.33,30.4,30.2,29.46,26.22,22.7,18.5
2021,ESH,Western Sahara,18.52,19.55,21.15,23.45,24.67,27.04,29.69,29.7,29.03,26.51,21.99,19.24
2019,ESP,Spain,5.99,8.09,10.41,11.41,15.61,19.88,23.96,23.42,20.16,15.49,9.76,8.33
2020,ESP,Spain,6.62,9.58,10.1,12.54,17.56,19.28,24.43,23.48,20.03,13.94,10.86,7.21
2021,ESP,Spain,5.79,9.27,9.46,11.6,15.45,20.12,22.96,23.27,20.34,15.27,8.69,8.37
2019,EST,Estonia,-5.41,-0.78,0.35,6.87,10.9,17.65,16.37,16.91,12.09,6.65,2.66,1.46
2020,EST,Estonia,1.8,0.49,1.79,4.81,9.1,17.69,16.35,17.13,13.84,9.18,4.67,0.34
2021,EST,Estonia,-4.21,-7.38,-0.37,4.85,10.34,18.72,20.81,15.89,10.48,8.24,2.54,-5.46
2019,ETH,Ethiopia,22.17,24.05,24.5,25.14,24.81,23.5,23.6,22.85,23.46,22.59,22.32,22.06
2020,ETH,Ethiopia,21.32,23.0,24.75,24.12,24.75,23.83,23.61,23.05,23.45,23.66,22.46,22.54
2021,ETH,Ethiopia,22.49,23.01,24.91,23.12,24.27,24.57,23.05,23.45,23.57,23.19,22.42,22.11
2019,FIN,Finland,-11.8,-7.38,-4.35,2.94,7.49,14.12,14.43,13.53,8.6,0.97,-3.86,-3.76
2020,FIN,Finland,-5.06,-5.29,-2.8,0.54,6.45,15.62,15.24,13.94,9.89,4.57,0.44,-4.45
2021,FIN,Finland,-10.41,-12.5,-4.38,1.67,7.29,16.55,18.07,13.3,7.21,3.99,-3.26,-10.96
2019,FJI,Fiji,26.33,26.53,26.17,26.0,24.3,23.85,23.53,23.9,23.59,25.17,25.02,25.99
2020,FJI,Fiji,26.23,26.87,26.51,26.31,24.84,24.39,23.61,24.0,23.89,24.91,25.88,26.11
2021,FJI,Fiji,26.65,26.16,25.95,25.82,24.7,23.19,23.69,22.71,24.27,24.9,25.94,26.27
2019,FLK,Falkland Islands,9.55,9.71,9.07,6.96,4.64,3.36,3.09,2.61,3.73,5.84,7.36,9.44
2020,FLK,Falkland Islands,10.15,10.35,9.91,7.57,5.05,3.06,1.06,2.73,4.34,6.33,8.61,9.21
2021,FLK,Falkland Islands,10.06,10.77,9.24,7.67,4.53,3.32,3.73,3.71,5.06,6.57,7.82,9.96
2019,FRA,France,3.48,6.7,8.79,10.44,12.43,18.79,21.59,20.46,17.22,13.7,7.49,6.87
2020,FRA,France,5.98,7.93,7.98,12.56,15.32,17.12,20.4,21.08,17.63,11.66,9.09,5.66
2021,FRA,France,3.69,6.85,7.57,9.12,12.14,18.92,19.1,18.6,17.82,12.27,6.72,5.77
2019,FRO,Faeroe Islands,3.26,4.76,4.06,6.86,5.86,8.89,11.16,10.89,9.43,6.46,3.66,4.29
2020,FRO,Faeroe Islands,4.79,3.29,3.56,5.16,6.66,9.79,9.36,10.99,9.06,6.96,6.06,4.16
2021,FRO,Faeroe Islands,1.66,3.23,4.76,3.66,5.46,9.39,11.66,11.49,10.39,7.36,5.26,3.56
2019,FSM,Micronesia (country),26.7,27.3,27.1,27.4,27.7,27.4,27.1,26.9,27.3,27.3,27.1,27.1
2020,FSM,Micronesia (country),27.3,27.5,27.8,27.6,27.5,27.3,27.3,27.5,27.2,27.1,27.0,27.0
2021,FSM,Micronesia (country),27.3,27.4,26.7,27.0,26.9,26.9,26.9,26.9,27.0,27.0,27.0,27.2
2019,GAB,Gabon,26.53,25.81,26.71,25.96,25.55,23.95,23.92,24.2,25.3,25.45,25.69,25.83
2020,GAB,Gabon,26.78,26.73,26.92,26.96,26.52,24.78,24.11,24.36,24.95,25.72,25.47,25.52
2021,GAB,Gabon,26.1,26.56,26.34,26.46,26.26,25.39,23.98,24.43,25.25,25.66,25.75,25.72
2019,GBR,United Kingdom,3.86,5.94,6.79,8.55,10.05,13.58,16.35,15.86,13.2,9.34,5.54,5.28
2020,GBR,United Kingdom,5.55,5.07,5.68,8.99,11.36,14.05,14.51,15.95,13.06,9.53,7.78,4.51
2021,GBR,United Kingdom,2.62,4.2,6.37,5.96,9.26,14.26,16.44,15.16,14.58,10.92,7.12,5.36
2019,GEO,Georgia,-0.73,-0.1,3.08,7.96,14.84,19.85,19.96,20.07,15.63,12.72,4.13,1.61
2020,GEO,Georgia,-1.13,-0.16,5.68,7.88,13.24,18.28,21.12,18.89,17.73,12.67,4.86,-0.39
2021,GEO,Georgia,-0.91,0.28,2.8,11.0,14.97,18.86,21.18,21.11,15.59,9.45,5.47,0.32
2019,GGY,Guernsey,6.99,8.99,9.59,10.4,12.1,15.6,18.7,18.3,16.49,13.78,9.68,9.58
2020,GGY,Guernsey,9.18,9.19,8.79,12.19,14.3,15.2,17.1,18.69,16.59,12.89,11.88,8.58
2021,GGY,Guernsey,6.48,7.99,8.79,8.89,11.3,16.0,17.5,17.0,17.59,13.99,9.88,9.58
2019,GHA,Ghana,28.38,28.95,30.47,29.12,28.12,26.62,26.52,26.3,26.76,26.61,28.38,27.53
2020,GHA,Ghana,27.75,29.9,30.96,30.39,29.34,27.59,26.38,25.64,26.22,27.01,28.04,28.14
2021,GHA,Ghana,28.74,29.75,30.38,30.39,29.42,27.52,26.44,26.04,26.59,27.78,28.59,28.09
2019,GIB,Gibraltar,12.1,13.2,15.5,15.9,20.4,21.8,25.0,25.2,23.3,19.7,15.4,14.5
2020,GIB,Gibraltar,12.1,14.9,15.3,16.7,20.5,21.6,26.0,25.2,22.9,18.5,16.8,13.6
2021,GIB,Gibraltar,12.1,15.0,14.8,16.5,19.3,22.1,24.8,25.1,23.2,19.8,14.6,14.2
2019,GIN,Guinea,23.77,25.23,27.16,28.11,27.58,25.79,25.58,25.53,25.43,25.61,25.76,24.55
2020,GIN,Guinea,24.6,27.02,28.43,29.87,28.88,26.64,25.14,25.26,24.95,25.12,24.82,25.3
2021,GIN,Guinea,25.96,26.57,28.17,29.52,28.56,26.72,25.71,25.11,25.63,25.79,25.97,25.38
2019,GMB,Gambia,24.49,26.68,28.48,29.64,30.27,29.57,29.21,28.39,28.23,29.04,28.51,26.19
2020,GMB,Gambia,26.16,29.63,30.16,31.65,31.25,30.92,28.55,28.3,28.03,29.28,28.02,26.55
2021,GMB,Gambia,26.53,28.04,29.24,31.05,30.69,30.8,29.22,27.99,28.65,29.28,29.08,27.43
2019,GNB,Guinea-Bissau,25.34,26.77,28.69,29.55,29.99,28.46,28.04,27.79,27.47,28.21,28.41,26.37
2020,GNB,Guinea-Bissau,27.02,29.73,30.22,31.54,31.19,29.76,27.5,27.66,27.31,28.19,27.62,26.93
2021,GNB,Guinea-Bissau,27.38,28.22,29.62,31.09,30.76,29.8,28.21,27.32,27.98,28.32,28.84,27.63
2019,GNQ,Equatorial Guinea,25.95,25.31,25.64,24.96,24.9,24.0,23.85,23.91,24.75,24.27,24.96,25.47
2020,GNQ,Equatorial Guinea,25.97,26.22,25.94,25.76,25.69,24.63,23.82,24.15,24.34,24.53,24.87,25.15
2021,GNQ,Equatorial Guinea,25.58,25.96,25.55,25.57,25.5,25.24,23.93,24.16,24.64,24.61,25.04,25.25
2019,GRC,Greece,4.34,6.21,9.77,12.08,16.1,22.53,24.01,25.11,21.01,16.77,13.39,7.61
2020,GRC,Greece,4.75,7.3,9.61,11.82,17.25,20.34,24.38,24.61,21.85,16.38,10.59,8.39
2021,GRC,Greece,6.87,7.44,7.9,11.75,18.03,21.3,24.8,25.48,20.5,14.37,12.23,7.53
2019,GRD,Grenada,24.9,25.2,25.9,26.4,27.2,27.2,27.1,27.3,27.7,27.1,26.7,26.3
2020,GRD,Grenada,25.5,25.9,25.8,26.9,27.7,27.3,27.2,27.5,27.7,26.8,26.2,25.5
2021,GRD,Grenada,25.2,25.3,25.6,26.4,27.0,26.9,27.0,27.1,27.6,27.3,26.5,25.9
2019,GRL,Greenland,-29.27,-30.25,-31.06,-20.67,-11.99,-5.32,-2.67,-4.8,-11.6,-19.33,-24.54,-27.48
2020,GRL,Greenland,-28.4,-30.78,-29.97,-21.42,-11.72,-5.88,-3.43,-4.99,-13.75,-20.15,-24.82,-26.72
2021,GRL,Greenland,-26.89,-27.89,-28.17,-21.35,-12.42,-5.63,-2.46,-4.15,-12.6,-19.72,-25.06,-25.27
2019,GTM,Guatemala,21.29,23.25,23.5,24.66,25.92,25.51,25.01,25.07,24.81,23.95,23.0,21.98
2020,GTM,Guatemala,22.02,23.18,24.66,26.71,25.87,25.23,25.39,25.19,24.7,24.09,23.09,22.11
2021,GTM,Guatemala,21.94,22.57,24.17,25.52,25.73,25.14,25.04,24.9,24.67,24.36,22.37,22.57
2019,GUM,Guam,26.77,27.27,27.67,28.07,28.87,29.37,28.77,27.87,27.94,28.07,28.17,27.77
2020,GUM,Guam,26.87,26.84,27.97,28.47,28.67,28.97,28.67,28.07,28.27,27.87,27.97,27.54
2021,GUM,Guam,27.17,27.47,27.47,27.97,28.17,28.57,28.57,27.77,28.27,27.77,27.97,27.37
2019,GUY,Guyana,25.69,25.92,26.54,26.49,26.31,26.13,25.87,26.46,27.27,27.14,27.14,26.27
2020,GUY,Guyana,26.24,26.38,26.55,26.43,26.31,25.95,26.11,26.71,27.46,27.28,26.74,26.05
2021,GUY,Guyana,25.61,25.72,25.67,25.96,25.91,25.85,25.76,26.44,26.95,27.28,26.74,25.99
2019,HKG,Hong Kong,16.96,18.09,20.37,24.28,25.57,28.55,28.87,29.17,28.55,26.32,22.49,19.06
2020,HKG,Hong Kong,18.26,18.62,21.17,21.4,28.07,29.35,29.65,29.07,27.55,25.02,23.29,17.46
2021,HKG,Hong Kong,16.06,20.02,21.77,23.5,27.47,28.95,29.77,28.77,29.17,25.32,21.59,18.26
2019,HND,Honduras,22.44,24.12,24.59,25.78,26.62,26.12,25.67,25.88,25.8,24.86,24.27,23.45
2020,HND,Honduras,23.12,24.41,25.56,27.05,26.92,25.85,25.76,25.95,25.67,24.93,23.9,23.42
2021,HND,Honduras,23.09,23.88,25.17,26.19,26.71,25.75,25.73,25.64,25.7,25.31,23.63,23.69
2019,HRV,Croatia,1.39,5.2,9.23,12.29,13.05,21.82,22.35,23.04,17.89,13.92,9.71,4.6
2020,HRV,Croatia,2.1,6.62,7.48,12.49,14.92,18.97,21.43,22.61,18.6,12.31,7.5,4.35
2021,HRV,Croatia,2.75,4.83,6.27,8.99,14.03,21.82,23.09,20.99,17.99,11.15,7.5,3.61
2019,HTI,Haiti,23.45,23.38,23.86,25.07,25.33,26.92,26.67,27.12,26.43,26.02,25.49,23.48
2020,HTI,Haiti,23.29,24.35,24.23,25.17,25.85,26.92,26.46,27.01,26.51,25.69,24.36,23.33
2021,HTI,Haiti,23.07,23.71,24.12,24.66,25.49,26.12,26.42,26.33,26.58,25.73,24.87,23.57
2019,HUN,Hungary,-0.57,4.25,9.2,13.16,14.4,22.86,22.27,23.64,17.84,13.43,9.58,3.54
2020,HUN,Hungary,-0.17,5.77,7.49,12.43,14.91,20.29,21.85,23.17,18.77,12.67,5.9,3.75
2021,HUN,Hungary,1.29,3.28,5.84,9.24,14.74,22.37,24.04,21.06,17.52,10.73,6.36,1.83
2019,IDN,Indonesia,26.25,26.19,26.43,26.66,26.54,25.96,25.6,25.89,25.96,26.23,26.44,26.23
2020,IDN,Indonesia,26.38,26.35,26.47,26.56,26.59,25.83,25.65,25.95,25.87,26.29,26.26,26.01
2021,IDN,Indonesia,25.51,25.89,25.99,26.19,26.18,25.95,25.81,25.57,25.95,26.6,26.14,26.09
2019,IMN,Isle of Man,5.51,7.09,7.09,8.59,9.89,12.79,15.79,15.54,13.34,9.75,6.74,6.65
2020,IMN,Isle of Man,6.85,5.69,5.99,8.99,11.09,13.45,13.84,15.19,12.99,10.14,8.94,5.75
2021,IMN,Isle of Man,3.85,5.3,6.95,6.3,9.09,13.59,16.14,14.94,14.79,11.85,8.69,6.85
2019,IND,India,17.45,20.0,24.13,29.07,30.77,30.81,27.96,26.97,26.72,25.09,22.34,17.86
2020,IND,India,17.28,20.31,23.85,28.05,30.39,29.06,28.03,27.04,27.38,26.02,21.59,18.57
2021,IND,India,18.32,20.96,25.55,28.34,29.61,28.87,27.86,27.26,26.85,25.8,21.89,18.37
2019,IRL,Ireland,5.77,7.35,7.23,9.11,10.43,12.8,15.84,15.2,13.14,9.36,6.05,6.02
2020,IRL,Ireland,6.2,5.65,6.21,9.33,11.44,13.37,14.18,15.16,12.96,9.57,8.03,5.22
2021,IRL,Ireland,4.04,5.73,7.2,7.28,9.36,13.39,16.42,15.09,14.44,11.31,8.13,6.7
2019,IRN,Iran,7.91,8.26,11.85,17.1,23.76,29.52,31.19,29.16,25.99,20.61,10.67,8.98
2020,IRN,Iran,5.71,9.52,12.74,17.4,24.01,29.39,30.65,28.93,24.85,18.05,12.34,6.37
2021,IRN,Iran,5.76,10.2,14.45,20.8,24.77,30.22,31.23,29.72,26.45,18.96,12.4,8.95
2019,IRQ,Iraq,11.14,13.12,15.45,20.58,29.15,34.55,35.58,35.01,31.58,26.64,16.0,12.68
2020,IRQ,Iraq,10.06,12.64,17.69,22.02,28.92,33.35,36.1,34.07,32.39,25.34,17.17,11.29
2021,IRQ,Iraq,10.94,14.44,17.41,24.8,30.35,34.51,36.38,35.31,31.62,25.18,17.28,11.81
2019,ISL,Iceland,-2.96,-2.53,-2.77,3.13,3.42,7.08,10.01,8.04,6.04,1.93,-1.73,-2.59
2020,ISL,Iceland,-2.06,-3.09,-3.01,1.04,3.55,7.33,8.23,8.48,4.29,2.3,-1.11,-2.16
2021,ISL,Iceland,-3.62,-0.97,-1.21,-0.05,2.25,6.63,10.23,10.28,5.79,2.02,-1.28,-1.52
2019,ISR,Israel,12.22,13.48,14.74,17.58,23.6,25.8,26.92,26.95,25.51,23.42,19.6,14.77
2020,ISR,Israel,12.16,13.41,16.02,18.47,21.71,23.4,26.98,27.11,27.07,24.44,18.27,15.57
2021,ISR,Israel,14.5,14.85,15.77,19.9,23.85,24.16,27.36,27.74,25.0,22.48,19.63,14.79
2019,ITA,Italy,3.93,6.66,9.21,11.51,13.24,21.5,23.6,23.52,19.55,15.68,10.33,7.65
2020,ITA,Italy,6.04,7.89,8.32,12.45,16.26,19.05,22.57,23.42,19.68,13.4,10.55,6.41
2021,ITA,Italy,5.12,7.28,7.62,9.99,14.5,21.5,23.09,22.69,20.09,13.76,9.81,6.22
2019,JAM,Jamaica,24.41,25.02,24.74,25.85,26.14,27.23,26.98,27.52,26.89,26.77,26.24,24.81
2020,JAM,Jamaica,24.73,25.32,25.17,26.35,26.34,27.09,27.12,27.49,26.78,26.23,25.4,24.55
2021,JAM,Jamaica,24.12,25.1,25.04,25.5,26.23,26.45,26.8,26.88,26.87,26.21,25.34,25.04
2019,JEY,Jersey,6.5,8.8,9.8,10.9,12.6,16.5,19.5,18.9,16.9,13.9,9.7,9.3
2020,JEY,Jersey,8.9,9.3,8.9,12.8,15.0,16.0,17.8,19.5,17.1,13.0,11.8,8.4
2021,JEY,Jersey,6.2,7.7,8.8,9.2,11.9,16.8,18.1,17.5,18.0,14.1,9.8,9.1
2019,JOR,Jordan,9.09,11.07,13.14,17.34,24.83,27.53,28.65,28.44,26.6,22.9,17.0,11.53
2020,JOR,Jordan,8.68,10.83,14.62,18.48,23.1,25.33,29.07,28.54,27.8,23.94,15.98,12.31
2021,JOR,Jordan,10.99,12.31,14.31,20.06,25.24,25.96,29.16,29.23,26.01,21.89,17.18,11.5
2019,JPN,Japan,0.4,1.53,5.09,9.51,16.13,18.78,22.3,24.35,21.36,15.57,8.37,3.55
2020,JPN,Japan,1.97,2.01,5.77,8.76,15.45,19.94,21.63,25.28,21.02,14.19,9.25,2.22
2021,JPN,Japan,-0.32,2.21,6.53,10.27,15.0,19.43,23.9,23.8,20.11,14.8,9.08,2.89
2019,KAZ,Kazakhstan,-9.3,-9.36,1.35,9.45,16.91,21.64,25.33,22.02,14.83,9.38,-3.82,-5.28
2020,KAZ,Kazakhstan,-6.69,-3.89,1.69,11.06,19.0,21.93,24.99,21.95,14.86,7.5,-2.43,-10.16
2021,KAZ,Kazakhstan,-11.7,-7.89,-2.58,10.08,20.15,22.9,25.21,23.21,15.13,6.32,-2.12,-5.2
2019,KEN,Kenya,25.57,27.32,27.24,27.14,24.26,24.34,24.3,24.58,24.97,25.27,25.36,25.27
2020,KEN,Kenya,26.16,25.69,26.93,25.29,25.38,24.59,24.08,24.19,25.02,26.3,25.68,25.85
2021,KEN,Kenya,25.65,25.59,26.56,26.19,25.43,24.27,23.61,23.91,24.89,25.77,25.89,24.99
2019,KGZ,Kyrgyzstan,-11.63,-10.12,-0.37,5.36,8.99,12.16,17.86,15.85,10.58,4.92,-5.66,-8.73
2020,KGZ,Kyrgyzstan,-12.09,-7.27,-0.64,5.83,10.36,12.65,15.61,15.34,9.42,2.51,-6.48,-12.65
2021,KGZ,Kyrgyzstan,-13.74,-6.51,-2.51,4.16,10.95,13.81,17.27,15.57,12.23,1.98,-5.77,-7.87
2019,KHM,Cambodia,26.52,28.31,29.33,30.25,29.66,28.51,28.07,27.49,27.25,27.69,27.15,25.75
2020,KHM,Cambodia,27.33,27.39,29.48,29.68,29.93,28.47,28.12,27.87,27.9,25.94,26.92,25.79
2021,KHM,Cambodia,24.57,26.53,29.08,28.69,29.37,28.71,27.84,27.84,27.04,26.96,27.1,25.56
2019,KIR,Kiribati,27.5,27.51,27.71,27.8,27.71,27.51,27.3,27.3,27.2,27.3,27.5,27.6
2020,KIR,Kiribati,27.5,27.51,27.71,27.8,27.71,27.51,27.3,27.3,27.2,27.3,27.5,27.6
2021,KIR,Kiribati,27.5,27.51,27.71,27.8,27.71,27.51,27.3,27.3,27.2,27.3,27.5,27.6
2019,KNA,Saint Kitts and Nevis,25.8,25.7,26.3,26.9,27.7,29.0,29.2,29.3,29.3,28.6,27.9,27.2
2020,KNA,Saint Kitts and Nevis,26.2,26.7,26.2,27.2,28.5,29.1,29.0,29.4,29.2,28.2,27.1,26.0
2021,KNA,Saint Kitts and Nevis,25.9,26.0,26.2,26.8,27.7,28.4,28.8,29.0,29.1,28.8,27.8,26.7
2019,KOR,South Korea,-0.7,1.55,6.92,11.38,18.34,21.15,24.64,25.9,20.93,14.96,7.69,1.71
2020,KOR,South Korea,1.17,2.5,7.14,10.52,16.87,22.66,22.27,26.2,19.7,13.55,7.85,-0.27
2021,KOR,South Korea,-1.89,2.71,8.07,12.85,16.5,21.95,26.04,24.96,20.92,14.77,7.9,1.1
2019,KWT,Kuwait,14.93,15.93,18.78,24.27,32.73,38.34,39.01,37.94,35.53,30.24,19.45,16.19
2020,KWT,Kuwait,13.56,16.62,20.61,25.59,32.96,37.69,39.11,37.76,34.93,27.49,21.29,14.83
2021,KWT,Kuwait,14.11,17.45,22.23,28.35,34.22,38.44,39.43,38.32,35.19,29.19,20.97,16.13
2019,LAO,Laos,20.66,23.16,24.77,27.45,27.76,27.4,26.76,26.24,25.74,25.31,23.21,20.02
2020,LAO,Laos,21.51,22.05,25.2,25.85,27.89,27.39,27.04,26.29,26.37,23.63,23.07,20.14
2021,LAO,Laos,18.72,21.68,24.97,25.47,27.49,27.13,26.57,26.57,25.7,24.42,22.96,20.02
2019,LBN,Lebanon,6.44,7.95,9.11,12.08,19.5,22.3,23.3,23.94,22.23,19.81,14.22,8.52
2020,LBN,Lebanon,6.08,7.2,10.6,13.43,18.1,20.46,24.1,24.0,23.89,20.88,13.04,9.49
2021,LBN,Lebanon,8.23,8.84,9.65,14.92,20.07,20.75,24.34,24.61,21.52,18.59,14.5,8.17
2019,LBR,Liberia,24.95,25.54,26.58,26.23,25.84,25.01,24.68,24.44,25.12,25.2,26.23,25.57
2020,LBR,Liberia,25.3,26.62,27.44,27.46,26.82,25.51,24.49,24.25,24.58,24.81,25.6,25.92
2021,LBR,Liberia,26.42,26.46,27.2,26.98,26.48,25.49,24.65,24.15,24.98,25.44,26.24,26.04
2019,LBY,Libya,11.55,14.22,17.76,23.21,26.83,30.71,30.63,30.44,28.4,24.77,18.84,14.05
2020,LBY,Libya,12.18,14.72,18.48,23.29,27.31,29.36,30.08,30.37,28.79,24.37,18.2,14.19
2021,LBY,Libya,13.27,15.06,18.42,23.91,28.09,30.47,30.94,31.11,28.4,23.76,19.31,13.43
2019,LCA,Saint Lucia,25.29,25.49,26.09,26.49,27.49,27.99,28.09,28.09,28.19,27.59,27.29,26.99
2020,LCA,Saint Lucia,25.89,26.19,25.99,27.09,28.09,28.19,28.19,28.29,28.19,27.29,26.79,25.99
2021,LCA,Saint Lucia,25.59,25.69,25.89,26.59,27.29,27.69,27.99,27.99,28.09,27.79,27.19,26.59
2019,LIE,Liechtenstein,-3.09,2.3,4.31,7.3,8.41,17.0,18.2,17.1,13.31,9.91,3.4,1.61
2020,LIE,Liechtenstein,1.21,3.01,3.11,9.61,10.91,14.2,17.11,17.51,13.91,7.4,5.1,0.31
2021,LIE,Liechtenstein,-2.09,2.11,2.61,4.71,8.5,17.0,16.1,14.81,14.01,7.71,2.7,0.61
2019,LKA,Sri Lanka,25.78,27.18,28.11,29.25,29.06,29.17,28.53,27.81,27.48,26.66,26.92,26.22
2020,LKA,Sri Lanka,26.6,27.29,28.05,28.64,28.86,28.74,27.93,27.88,27.31,27.71,26.91,26.02
2021,LKA,Sri Lanka,25.88,26.46,27.58,28.46,28.13,28.47,28.13,27.85,27.92,27.36,26.29,26.35
2019,LSO,Lesotho,18.41,17.6,17.11,13.15,10.64,7.51,8.04,9.61,13.21,14.71,16.38,16.16
2020,LSO,Lesotho,18.26,17.14,15.83,11.84,9.09,6.91,6.67,7.48,12.06,14.6,15.32,16.53
2021,LSO,Lesotho,17.36,16.54,15.5,13.06,9.13,7.71,5.56,8.06,12.51,12.75,14.07,15.24
2019,LTU,Lithuania,-4.14,0.53,3.05,8.41,12.7,19.09,16.85,18.0,13.11,9.22,4.5,1.85
2020,LTU,Lithuania,1.49,1.62,3.25,6.76,10.25,18.37,17.29,18.48,14.68,10.28,4.8,0.09
2021,LTU,Lithuania,-3.47,-5.32,1.36,5.84,11.37,19.08,20.95,16.44,11.57,8.22,3.78,-3.29
2019,LUX,Luxembourg,1.24,5.22,7.52,10.15,11.55,19.05,19.74,19.18,14.85,11.34,5.24,4.47
2020,LUX,Luxembourg,3.9,5.96,6.35,11.98,13.45,17.21,18.41,20.72,16.12,10.51,6.97,4.23
2021,LUX,Luxembourg,1.34,3.69,5.95,6.75,10.85,18.91,17.87,16.82,15.95,10.31,4.77,4.17
2019,LVA,Latvia,-4.54,0.08,1.84,7.78,11.91,18.36,16.51,17.31,12.58,8.09,3.65,1.66
2020,LVA,Latvia,1.89,1.26,2.71,5.87,9.73,17.93,16.57,17.63,14.28,9.83,4.74,0.05
2021,LVA,Latvia,-3.72,-6.13,0.69,5.52,10.86,18.69,20.84,16.1,10.97,8.19,3.19,-4.37
2019,MAC,Macao,16.4,17.6,20.1,24.1,25.5,28.6,28.9,29.1,28.3,25.9,21.9,18.4
2020,MAC,Macao,17.6,18.0,20.9,21.3,27.9,29.3,29.6,29.1,27.4,24.6,22.6,16.8
2021,MAC,Macao,15.4,19.5,21.4,23.3,27.4,28.9,29.8,28.9,29.0,24.9,21.1,17.7
2019,MAR,Morocco,9.45,11.93,14.67,15.86,21.49,22.91,26.84,26.79,23.9,19.38,14.01,11.77
2020,MAR,Morocco,9.53,13.18,14.49,16.22,21.11,23.27,28.38,27.33,24.05,18.78,15.21,11.14
2021,MAR,Morocco,9.97,13.08,14.12,17.04,20.22,23.57,27.42,26.8,24.17,20.0,13.4,11.54
2019,MCO,Monaco,5.7,7.4,9.8,11.0,13.1,20.3,23.3,22.7,19.6,16.4,10.3,9.5
2020,MCO,Monaco,7.7,9.4,9.1,12.5,16.3,18.4,22.4,22.9,19.4,13.6,11.1,7.6
2021,MCO,Monaco,6.1,8.5,8.6,10.1,13.7,20.6,21.6,21.7,20.0,14.7,10.0,7.5
2019,MDA,Moldova,-1.85,2.18,7.06,11.17,17.11,23.63,22.49,23.41,18.33,12.29,8.62,3.39
2020,MDA,Moldova,0.81,3.85,7.42,11.28,14.74,21.53,23.24,23.6,19.86,14.61,5.13,2.62
2021,MDA,Moldova,0.38,-0.14,3.79,9.1,15.88,20.82,24.45,22.37,16.07,9.89,6.68,1.16
2019,MDG,Madagascar,24.99,24.83,25.11,24.16,22.12,20.39,20.06,20.52,21.7,23.86,24.6,25.43
2020,MDG,Madagascar,25.05,25.34,24.78,24.0,22.11,20.24,19.58,20.22,21.22,23.2,23.91,25.16
2021,MDG,Madagascar,25.49,25.42,24.88,23.97,21.99,19.94,19.75,20.15,21.39,22.83,24.0,24.82
2019,MDV,Maldives,27.5,28.2,28.1,28.5,28.2,28.0,27.5,27.5,27.5,27.3,27.6,27.4
2020,MDV,Maldives,27.6,28.3,28.2,28.5,28.1,28.0,27.5,27.5,27.4,27.3,27.6,27.4
2021,MDV,Maldives,27.5,28.2,28.1,28.4,28.1,28.0,27.6,27.5,27.4,27.3,27.5,27.3
2019,MEX,Mexico,16.2,18.19,19.71,22.42,24.42,26.0,26.13,26.47,24.99,22.22,18.93,16.73
2020,MEX,Mexico,16.83,17.67,20.96,23.37,24.92,26.01,26.63,26.03,24.04,22.66,19.82,15.9
2021,MEX,Mexico,16.11,17.19,19.94,22.77,24.67,26.0,25.26,25.42,24.76,22.72,19.25,17.88
2019,MHL,Marshall Islands,27.2,27.9,27.9,28.0,28.2,28.5,28.4,28.4,28.6,28.6,28.4,28.3
2020,MHL,Marshall Islands,28.6,28.4,28.4,28.2,28.4,28.4,28.7,28.7,28.8,28.2,28.3,28.1
2021,MHL,Marshall Islands,28.0,28.3,28.0,28.0,28.2,28.1,28.1,28.7,28.3,27.9,27.7,27.5
2019,MKD,North Macedonia,-0.64,2.64,7.53,10.28,13.56,20.4,21.32,22.8,18.22,13.64,9.7,3.15
2020,MKD,North Macedonia,0.01,3.97,6.75,9.82,14.66,17.82,21.5,22.2,19.06,13.0,6.61,3.86
2021,MKD,North Macedonia,1.94,3.74,4.69,8.66,15.09,19.28,22.35,22.43,17.34,10.56,7.66,2.74
2019,MLI,Mali,21.78,24.5,28.03,30.9,33.53,33.62,32.84,31.26,31.88,30.26,27.3,23.11
2020,MLI,Mali,21.97,25.27,29.16,32.34,34.55,34.44,32.58,31.04,31.08,30.04,26.15,24.13
2021,MLI,Mali,23.61,25.27,28.83,31.92,34.5,34.47,32.86,31.22,31.87,31.12,27.79,23.71
2019,MLT,Malta,11.79,12.31,14.66,16.81,18.25,25.85,27.9,28.57,25.81,22.61,17.84,16.05
2020,MLT,Malta,14.27,14.19,14.14,17.11,21.37,23.8,26.92,28.27,25.44,21.01,18.75,15.04
2021,MLT,Malta,13.99,14.21,13.87,16.51,20.87,26.2,28.3,29.17,26.67,21.17,17.97,13.97
2019,MMR,Myanmar,19.92,21.23,23.44,26.88,27.94,26.6,25.74,25.98,25.52,25.15,22.99,19.03
2020,MMR,Myanmar,19.06,20.77,24.13,25.99,26.98,26.13,26.02,25.83,25.99,25.32,22.75,19.6
2021,MMR,Myanmar,18.66,20.71,24.51,26.19,27.05,25.94,25.96,25.74,25.95,25.56,22.61,19.85
2019,MNE,Montenegro,-0.68,3.02,6.9,9.31,11.11,19.3,20.15,21.79,16.66,12.55,9.03,3.54
2020,MNE,Montenegro,0.41,4.28,5.32,8.91,12.71,16.33,19.7,21.0,17.29,11.27,5.95,3.87
2021,MNE,Montenegro,1.81,3.28,3.52,6.35,12.43,18.67,21.72,20.28,15.79,9.18,6.67,2.23
2019,MNG,Mongolia,-18.23,-18.08,-4.34,5.27,9.53,17.21,19.25,17.26,13.11,2.25,-8.85,-16.16
2020,MNG,Mongolia,-18.22,-12.9,-5.01,6.18,11.88,16.81,19.33,16.48,11.13,0.63,-7.76,-20.46
2021,MNG,Mongolia,-19.17,-10.66,-2.82,3.64,9.85,15.92,19.48,15.99,11.38,1.95,-7.34,-14.1
2019,MNP,Northern Mariana Islands,26.2,26.4,26.9,27.7,28.6,29.5,29.0,28.0,27.9,27.9,27.9,27.2
2020,MNP,Northern Mariana Islands,26.3,26.1,27.3,28.1,28.5,29.2,29.0,28.4,28.4,27.8,27.8,27.1
2021,MNP,Northern Mariana Islands,26.5,26.8,26.9,27.6,27.9,28.8,28.8,27.9,28.4,27.7,27.7,26.8
2019,MOZ,Mozambique,26.55,26.65,26.25,25.47,23.01,21.02,20.76,22.65,23.9,26.77,27.59,27.21
2020,MOZ,Mozambique,26.65,26.8,26.12,25.35,22.89,21.26,20.37,21.96,23.91,25.8,27.77,26.6
2021,MOZ,Mozambique,26.97,26.85,25.83,24.54,22.26,20.91,20.28,21.88,24.07,25.67,27.47,27.87
2019,MRT,Mauritania,20.1,23.11,25.69,28.67,32.24,33.52,34.69,33.63,32.97,30.79,26.27,22.06
2020,MRT,Mauritania,20.88,24.86,26.79,30.2,32.79,34.36,34.33,33.59,32.7,30.61,25.88,22.18
2021,MRT,Mauritania,21.84,23.75,26.67,29.97,32.63,34.37,34.57,33.39,33.2,31.18,26.82,22.86
2019,MSR,Montserrat,24.0,23.9,24.5,25.1,26.1,27.2,27.4,27.6,27.4,26.8,26.2,25.6
2020,MSR,Montserrat,24.5,24.8,24.4,25.5,26.8,27.4,27.3,27.6,27.4,26.4,25.5,24.4
2021,MSR,Montserrat,24.2,24.2,24.4,25.1,26.1,26.6,27.1,27.3,27.3,27.0,26.2,25.1
2019,MUS,Mauritius,26.84,26.74,26.73,25.76,23.54,21.91,21.23,21.21,21.74,23.17,24.54,26.23
2020,MUS,Mauritius,26.33,26.33,26.21,24.94,23.14,21.43,20.63,20.63,21.14,22.87,23.64,25.23
2021,MUS,Mauritius,25.96,26.34,26.23,25.34,23.44,21.63,20.64,20.53,21.34,22.67,24.44,25.63
2019,MWI,Malawi,23.79,23.96,23.7,23.42,20.97,19.18,19.07,21.04,22.86,25.86,25.94,24.96
2020,MWI,Malawi,23.77,24.07,23.69,23.41,21.24,19.77,18.83,20.71,22.72,25.08,26.34,24.11
2021,MWI,Malawi,24.29,24.2,23.26,22.48,20.39,19.28,18.79,20.38,22.93,25.02,26.42,26.22
2019,MYS,Malaysia,26.43,26.51,26.99,27.54,27.58,27.07,26.82,26.95,26.81,26.3,26.49,26.04
2020,MYS,Malaysia,26.57,26.55,27.15,27.39,27.59,26.59,26.39,26.91,26.31,26.34,26.22,26.02
2021,MYS,Malaysia,25.46,25.92,26.56,26.82,27.07,26.81,26.93,26.35,26.32,26.81,26.25,26.11
2019,NAM,Namibia,24.48,24.24,23.39,21.12,18.4,14.96,15.12,16.76,20.04,22.33,23.87,24.27
2020,NAM,Namibia,24.52,24.11,22.95,20.57,17.61,15.12,14.67,15.53,19.33,22.31,23.08,24.03
2021,NAM,Namibia,24.06,23.5,22.6,21.33,17.49,15.9,13.76,16.08,19.84,21.44,22.45,23.27
2019,NCL,New Caledonia,24.74,25.83,25.72,23.83,22.38,20.54,19.11,19.79,20.39,21.66,22.9,24.73
2020,NCL,New Caledonia,25.48,26.84,25.66,24.11,21.66,20.89,20.24,20.18,20.76,22.8,23.9,25.12
2021,NCL,New Caledonia,25.78,25.54,25.14,23.83,22.15,20.88,20.21,19.99,20.37,22.5,24.18,26.03
2019,NER,Niger,19.15,21.81,27.56,30.54,33.06,33.1,32.2,30.45,31.93,29.48,24.49,20.32
2020,NER,Niger,19.0,21.5,27.54,30.95,34.0,34.58,31.81,30.35,30.8,29.14,23.75,20.65
2021,NER,Niger,19.58,21.38,27.23,30.9,33.45,34.08,31.83,30.95,31.18,29.02,26.51,20.65
2019,NGA,Nigeria,25.59,27.02,30.31,30.02,29.04,27.46,26.69,25.7,26.98,26.8,26.67,25.26
2020,NGA,Nigeria,24.92,27.18,30.51,30.79,30.07,28.53,26.12,25.51,26.08,27.18,26.63,25.73
2021,NGA,Nigeria,25.82,27.09,30.02,30.66,29.9,28.23,26.66,25.87,26.75,27.6,27.72,25.72
2019,NIC,Nicaragua,24.54,25.59,26.13,27.25,27.34,26.65,26.55,26.32,26.19,25.65,25.81,25.2
2020,NIC,Nicaragua,25.13,26.21,27.14,28.27,27.95,26.5,26.58,26.29,26.05,25.79,25.06,25.05
2021,NIC,Nicaragua,25.2,25.66,26.72,27.37,27.43,26.36,26.58,26.08,26.22,26.3,25.14,25.21
2019,NIU,Niue,26.01,26.93,26.64,26.43,24.74,24.46,23.56,23.96,24.14,24.66,25.04,25.73
2020,NIU,Niue,26.71,26.41,26.94,26.24,25.34,24.26,23.64,23.86,23.86,24.54,25.03,25.63
2021,NIU,Niue,26.71,26.41,26.33,25.83,24.94,24.04,23.84,23.14,24.16,24.84,25.13,25.73
2019,NLD,Netherlands,3.18,6.41,8.06,10.34,11.47,18.19,18.89,19.01,14.71,11.57,6.52,6.22
2020,NLD,Netherlands,5.95,6.86,6.91,11.05,12.95,17.09,17.11,20.58,15.51,11.25,8.79,5.8
2021,NLD,Netherlands,2.96,4.1,6.65,6.54,11.02,17.98,17.98,16.93,16.03,11.48,7.14,5.45
2019,NOR,Norway,-7.12,-4.5,-3.49,2.54,4.35,9.92,11.99,11.72,6.95,1.01,-4.13,-3.0
2020,NOR,Norway,-2.84,-3.7,-2.66,0.33,3.9,12.38,11.02,11.7,7.7,3.62,0.77,-2.31
2021,NOR,Norway,-8.36,-7.57,-2.38,-0.18,4.7,11.17,13.5,10.72,7.65,3.71,-2.29,-6.61
2019,NPL,Nepal,4.83,6.52,10.17,15.86,18.49,20.98,20.38,20.4,19.09,15.05,11.89,5.08
2020,NPL,Nepal,4.0,6.58,10.46,14.46,17.63,19.86,20.75,20.66,19.41,16.37,10.38,6.87
2021,NPL,Nepal,5.62,7.8,12.63,15.15,17.61,19.8,20.82,20.6,19.07,16.23,10.37,5.7
2019,NRU,Nauru,27.7,27.9,27.8,27.8,28.3,27.9,27.8,28.3,27.9,28.5,28.5,28.3
2020,NRU,Nauru,28.5,27.9,28.3,28.4,28.4,28.3,28.5,28.2,27.4,28.0,28.0,27.9
2021,NRU,Nauru,27.8,27.9,28.3,28.0,28.9,28.0,28.2,28.3,27.8,28.3,27.9,27.9
2019,NZL,New Zealand,16.42,15.71,15.29,11.09,9.57,5.82,6.52,6.16,8.06,10.01,12.82,14.14
2020,NZL,New Zealand,15.43,16.19,13.24,10.95,8.57,7.46,5.81,7.22,8.45,10.91,12.98,13.96
2021,NZL,New Zealand,15.32,15.4,14.04,11.53,8.78,7.8,6.19,6.88,8.14,11.17,13.58,16.17
2019,OMN,Oman,20.74,22.15,24.25,29.32,32.7,34.44,33.07,32.55,31.76,29.41,24.62,22.71
2020,OMN,Oman,19.5,22.35,24.26,29.56,32.77,34.18,33.03,32.82,30.95,27.95,24.61,21.77
2021,OMN,Oman,19.39,22.67,26.31,30.27,33.09,33.51,32.88,32.57,31.51,28.35,24.62,21.8
2019,PAK,Pakistan,9.82,10.9,16.04,23.62,26.54,29.98,30.05,28.52,27.82,22.37,15.38,10.31
2020,PAK,Pakistan,8.19,12.99,16.26,22.71,27.17,29.97,30.01,29.12,26.32,21.42,15.03,10.37
2021,PAK,Pakistan,8.58,14.52,19.56,23.38,27.44,30.2,30.24,28.94,27.29,22.19,16.19,11.34
2019,PAN,Panama,25.31,25.8,26.13,26.85,26.2,26.19,26.28,26.22,25.82,25.2,25.48,25.47
2020,PAN,Panama,25.7,26.34,26.87,27.31,26.81,25.84,25.91,25.57,25.24,25.35,24.81,25.01
2021,PAN,Panama,25.22,25.87,25.89,26.52,26.25,25.44,26.01,25.25,25.31,25.53,25.05,25.08
2019,PCN,Pitcairn,,,,,,,,,,,,
2020,PCN,Pitcairn,,,,,,,,,,,,
2021,PCN,Pitcairn,,,,,,,,,,,,
2019,PER,Peru,20.47,20.74,20.54,20.39,19.63,18.84,18.85,18.81,19.82,19.62,20.43,20.64
2020,PER,Peru,20.87,20.92,20.85,20.28,19.39,18.72,18.81,19.07,19.52,20.29,20.4,20.34
2021,PER,Peru,20.33,19.75,20.13,20.12,19.31,18.29,19.02,19.44,20.05,20.01,20.42,20.56
2019,PHL,Philippines,25.18,25.19,26.28,27.53,27.86,27.65,26.48,26.43,26.59,26.49,26.53,26.01
2020,PHL,Philippines,25.76,25.72,26.46,27.39,28.07,27.11,26.77,26.74,27.03,25.85,26.53,26.25
2021,PHL,Philippines,25.17,24.93,26.77,26.72,27.82,27.33,27.33,26.92,26.92,26.85,26.81,25.57
2019,PLW,Palau,27.3,28.3,28.5,27.9,29.1,27.6,28.1,28.2,28.0,28.0,28.1,27.9
2020,PLW,Palau,27.5,27.5,28.1,28.4,28.2,27.6,27.5,27.0,27.9,27.6,27.9,27.5
2021,PLW,Palau,27.4,27.5,27.5,27.5,27.8,27.3,27.5,27.4,27.7,27.5,28.1,27.5
2019,PNG,Papua New Guinea,25.11,25.05,25.05,25.0,24.85,24.27,23.76,23.94,24.28,24.74,25.16,25.21
2020,PNG,Papua New Guinea,25.24,25.25,25.09,25.03,24.85,24.28,23.8,23.92,24.32,24.86,25.15,25.19
2021,PNG,Papua New Guinea,25.11,25.15,25.01,24.94,24.8,24.28,23.88,23.97,24.32,24.94,25.23,25.2
2019,POL,Poland,-2.84,1.64,5.97,10.8,12.6,19.92,19.23,20.45,14.62,11.0,6.15,2.02
2020,POL,Poland,0.57,2.84,4.83,9.88,11.65,18.35,18.89,20.55,15.57,11.02,5.18,0.87
2021,POL,Poland,-2.38,-2.59,3.52,7.08,12.24,19.85,21.29,17.59,14.49,9.7,4.87,-1.43
2019,PRI,Puerto Rico,23.26,22.92,23.52,24.71,25.17,26.73,26.92,27.16,26.54,26.03,25.77,24.28
2020,PRI,Puerto Rico,23.36,24.04,23.6,24.83,25.98,26.91,26.52,27.07,26.62,25.63,24.62,23.54
2021,PRI,Puerto Rico,23.34,23.24,23.6,24.5,25.37,26.03,26.44,26.56,26.44,26.1,25.6,24.05
2019,PRK,North Korea,-7.79,-5.48,1.83,7.62,14.98,17.49,21.81,21.92,17.03,10.11,0.85,-6.49
2020,PRK,North Korea,-7.41,-4.81,1.58,6.66,13.22,19.09,20.26,22.34,15.9,8.85,1.89,-7.81
2021,PRK,North Korea,-10.43,-4.95,2.38,8.69,13.0,18.0,23.1,21.24,16.91,9.57,1.77,-6.58
2019,PRT,Portugal,9.15,10.96,12.93,13.43,17.63,20.17,23.1,23.26,21.4,17.42,12.54,11.03
2020,PRT,Portugal,9.63,12.19,12.61,14.44,18.87,19.86,24.5,23.26,21.4,16.36,13.57,10.22
2021,PRT,Portugal,8.85,11.81,11.94,14.08,16.85,20.38,22.88,23.42,21.48,17.77,11.51,11.75
2019,PRY,Paraguay,28.72,27.38,25.44,24.01,21.28,21.05,18.29,20.21,23.85,25.92,28.24,26.88
2020,PRY,Paraguay,28.31,27.53,28.31,23.58,20.25,20.81,19.05,22.07,24.11,27.12,26.89,27.52
2021,PRY,Paraguay,27.36,26.79,26.13,23.97,20.23,18.08,18.93,21.57,25.7,25.09,25.94,28.48
2019,PSE,Palestine,11.45,12.73,13.77,16.7,23.21,25.5,26.38,26.59,25.38,23.3,19.05,13.94
2020,PSE,Palestine,11.22,12.51,15.29,17.65,21.31,23.24,26.74,26.78,26.88,24.56,17.75,14.87
2021,PSE,Palestine,13.61,13.96,14.86,19.24,23.55,23.85,27.0,27.43,24.79,22.39,19.15,14.03
2019,PYF,French Polynesia,23.61,23.4,23.4,23.09,22.21,21.21,20.51,21.23,20.8,21.4,22.4,22.47
2020,PYF,French Polynesia,23.31,23.31,23.5,23.51,22.81,20.91,20.4,20.61,21.41,21.61,22.23,22.93
2021,PYF,French Polynesia,23.21,23.11,23.41,22.7,22.31,21.53,20.94,21.03,21.13,21.71,22.23,23.0
2019,QAT,Qatar,19.07,19.19,21.31,26.4,32.87,36.91,37.75,36.82,35.7,32.0,24.12,21.33
2020,QAT,Qatar,17.76,20.03,22.3,27.18,33.0,36.59,37.63,37.27,34.43,29.29,25.65,20.07
2021,QAT,Qatar,18.08,20.63,24.84,29.61,34.36,36.79,38.02,37.18,34.99,31.16,25.57,21.22
2019,ROU,Romania,-1.66,2.09,7.28,10.91,14.65,21.58,20.9,22.33,17.34,12.2,9.54,2.64
2020,ROU,Romania,-0.93,3.59,6.64,10.26,13.67,19.31,21.04,22.13,18.53,13.0,4.82,3.3
2021,ROU,Romania,0.65,1.45,3.58,7.95,14.36,19.73,22.88,20.69,15.57,9.31,6.01,1.36
2019,RUS,Russia,-22.39,-19.89,-10.32,-2.42,5.72,13.48,15.59,13.65,7.29,-1.33,-14.5,-20.03
2020,RUS,Russia,-19.05,-16.68,-9.63,-1.1,6.74,13.25,16.23,13.6,8.56,-1.14,-10.4,-21.48
2021,RUS,Russia,-26.55,-23.48,-13.79,-2.84,6.63,13.79,16.49,14.42,6.51,-1.57,-12.53,-22.09
2019,RWA,Rwanda,19.19,20.0,19.8,19.81,17.38,18.86,19.2,20.1,20.07,19.21,18.92,18.7
2020,RWA,Rwanda,19.2,18.81,18.91,18.22,19.28,18.81,18.97,19.53,19.81,19.77,19.02,19.25
2021,RWA,Rwanda,19.14,18.56,18.97,19.13,18.96,18.69,18.67,19.31,19.7,19.71,19.69,19.97
2019,SAU,Saudi Arabia,16.41,17.96,20.64,25.6,31.52,34.4,35.09,34.44,32.5,28.03,21.5,17.7
2020,SAU,Saudi Arabia,14.84,17.85,21.72,26.25,30.97,33.34,35.41,34.54,32.42,27.21,21.8,17.62
2021,SAU,Saudi Arabia,16.5,18.6,22.94,27.56,32.2,33.46,35.27,35.16,32.22,27.31,22.11,17.73
2019,SDN,Sudan,22.84,24.37,25.89,29.92,32.65,32.17,31.59,29.64,30.38,28.99,25.36,22.4
2020,SDN,Sudan,19.36,21.95,27.15,29.02,31.28,31.0,30.78,29.54,30.27,29.85,24.9,23.77
2021,SDN,Sudan,22.97,23.14,27.94,29.16,32.11,31.71,31.23,30.25,29.87,29.8,26.75,22.8
2019,SEN,Senegal,24.37,26.73,28.77,30.57,31.54,30.51,30.04,29.45,29.01,29.75,28.8,26.31
2020,SEN,Senegal,25.93,29.62,30.42,32.75,32.77,31.85,29.09,29.28,28.56,29.77,28.14,26.62
2021,SEN,Senegal,26.52,28.06,29.78,32.3,32.2,31.73,29.82,28.88,29.33,29.91,29.46,27.5
2019,SGP,Singapore,27.7,28.1,28.7,28.7,28.9,28.5,28.5,28.4,28.3,27.8,27.7,27.1
2020,SGP,Singapore,27.7,27.9,28.8,28.6,28.9,28.1,27.9,28.3,27.8,28.0,27.3,26.9
2021,SGP,Singapore,26.6,27.5,28.0,28.0,28.2,28.2,28.3,27.5,27.8,28.3,27.4,27.1
2019,SHN,Saint Helena,20.7,21.7,22.2,20.4,20.4,18.9,17.7,17.2,17.1,17.6,17.2,19.7
2020,SHN,Saint Helena,21.0,21.2,22.0,20.8,20.5,18.1,17.4,16.2,15.7,16.3,16.9,18.3
2021,SHN,Saint Helena,19.7,20.5,21.3,21.2,20.2,19.2,17.7,16.6,16.5,17.0,17.8,19.1
2019,SLB,Solomon Islands,26.17,25.83,25.75,25.74,25.52,25.31,24.85,24.99,25.41,25.76,25.86,26.03
2020,SLB,Solomon Islands,26.17,25.83,25.75,25.74,25.52,25.31,24.85,24.99,25.41,25.76,25.86,26.03
2021,SLB,Solomon Islands,26.17,25.83,25.75,25.74,25.52,25.31,24.85,24.99,25.41,25.76,25.86,26.04
2019,SLE,Sierra Leone,25.32,26.91,27.97,27.83,27.02,25.97,25.92,25.6,25.99,26.56,27.4,26.5
2020,SLE,Sierra Leone,26.04,28.52,29.08,29.54,28.02,26.76,25.46,25.4,25.7,26.05,26.56,27.14
2021,SLE,Sierra Leone,27.26,28.14,28.84,28.91,27.85,26.78,26.01,25.31,26.15,26.57,27.35,27.2
2019,SLV,El Salvador,24.28,25.73,25.96,26.7,26.65,25.71,26.09,25.83,25.22,24.79,24.77,24.4
2020,SLV,El Salvador,24.9,25.96,27.01,28.17,26.82,25.42,26.27,25.84,25.17,24.88,24.5,24.56
2021,SLV,El Salvador,24.86,25.34,26.52,27.1,26.61,25.38,26.14,25.55,25.1,25.19,24.18,24.67
2019,SMR,San Marino,3.62,6.02,8.82,11.22,13.02,21.62,23.62,23.52,19.02,15.02,10.02,6.62
2020,SMR,San Marino,5.12,7.42,7.82,12.12,16.12,18.92,22.42,23.42,19.12,12.32,9.82,5.12
2021,SMR,San Marino,3.92,6.62,7.12,9.32,13.92,21.52,23.12,22.32,19.52,13.02,9.22,5.42
2019,SOM,Somalia,25.18,26.88,27.71,29.1,27.9,27.78,27.71,27.25,27.85,26.86,26.09,25.74
2020,SOM,Somalia,25.63,26.01,27.65,27.88,28.27,27.81,27.4,27.2,27.59,27.39,26.24,25.81
2021,SOM,Somalia,25.29,26.02,27.69,26.91,28.23,28.14,26.89,27.24,27.91,26.97,26.29,24.99
2019,SPM,Saint Pierre and Miquelon,-3.5,-6.1,-3.12,1.73,5.54,9.89,14.93,16.57,13.06,9.84,4.42,0.91
2020,SPM,Saint Pierre and Miquelon,-2.4,-3.5,-2.02,1.99,6.04,11.04,15.73,16.87,13.66,8.98,5.27,4.42
2021,SPM,Saint Pierre and Miquelon,0.96,-2.13,-1.01,4.5,6.49,11.7,14.93,17.87,14.72,10.64,6.67,2.31
2019,SRB,Serbia,0.1,3.99,9.19,12.07,13.91,21.93,21.67,23.52,18.32,13.84,10.21,4.09
2020,SRB,Serbia,0.35,5.48,7.52,11.45,14.78,19.25,21.32,22.9,19.23,12.96,6.21,4.85
2021,SRB,Serbia,2.47,4.31,5.38,8.71,14.81,21.13,23.59,21.65,17.35,10.47,6.8,2.96
2019,SSD,South Sudan,27.91,29.61,29.98,30.07,29.43,26.54,26.58,26.11,27.02,26.8,27.39,26.67
2020,SSD,South Sudan,25.64,27.65,30.48,29.45,29.09,26.94,26.46,25.9,26.67,27.8,27.24,27.57
2021,SSD,South Sudan,27.72,28.18,30.7,29.62,28.87,27.35,26.32,26.29,26.69,27.82,27.95,27.03
2019,STP,Sao Tome and Principe,25.8,25.1,25.8,25.2,24.6,23.0,23.0,23.1,23.7,23.8,24.6,25.4
2020,STP,Sao Tome and Principe,25.7,25.8,25.5,25.6,25.0,23.5,22.5,23.0,23.6,24.1,24.8,24.8
2021,STP,Sao Tome and Principe,25.6,25.8,25.7,25.8,25.4,24.4,23.0,23.4,23.7,24.1,24.8,24.8
2019,SUR,Suriname,25.97,25.95,26.57,26.66,26.67,26.75,26.49,27.22,27.88,27.75,27.61,26.5
2020,SUR,Suriname,26.24,26.34,26.65,26.55,26.69,26.54,26.8,27.51,28.1,27.92,27.08,26.32
2021,SUR,Suriname,25.83,25.71,25.85,26.14,26.27,26.52,26.48,27.22,27.66,27.78,27.08,26.14
2019,SVK,Slovakia,-2.65,1.97,6.36,10.41,11.67,19.94,19.12,20.46,14.7,10.85,6.99,1.47
2020,SVK,Slovakia,-1.42,3.48,4.92,9.58,11.51,17.42,18.72,20.14,15.5,10.4,3.76,1.34
2021,SVK,Slovakia,-1.1,-0.26,3.28,6.43,11.73,19.25,20.92,17.67,14.58,8.76,4.23,-0.75
2019,SVN,Slovenia,0.03,3.75,7.17,10.2,10.86,19.81,20.57,20.53,15.62,12.01,6.75,2.82
2020,SVN,Slovenia,1.22,5.0,5.48,11.03,12.84,16.92,19.31,20.29,16.29,10.14,5.83,2.1
2021,SVN,Slovenia,0.69,3.21,4.63,6.94,11.6,19.98,20.43,18.13,16.13,9.53,5.08,2.12
2019,SWE,Sweden,-8.75,-5.12,-2.9,3.81,6.66,13.32,14.54,13.96,8.71,2.24,-3.38,-3.51
2020,SWE,Sweden,-3.38,-3.89,-2.03,1.9,5.84,15.14,13.45,13.95,9.65,4.88,1.01,-3.08
2021,SWE,Sweden,-9.34,-8.41,-2.06,1.22,6.7,14.43,16.63,12.55,8.96,4.9,-2.08,-8.03
2019,SWZ,Eswatini,24.89,24.95,24.7,22.27,20.01,17.13,17.25,19.05,20.28,22.32,23.66,23.6
2020,SWZ,Eswatini,24.87,24.55,23.4,21.15,18.79,16.35,16.01,17.29,19.93,21.77,22.79,23.65
2021,SWZ,Eswatini,24.02,23.96,23.35,21.46,18.7,16.95,15.36,17.71,20.28,20.27,21.81,22.97
2019,SXM,Sint Maarten (Dutch part),26.3,26.1,26.6,27.2,27.6,29.0,29.3,29.6,29.4,28.9,28.4,27.6
2020,SXM,Sint Maarten (Dutch part),26.6,27.1,26.5,27.4,28.5,29.2,29.1,29.6,29.4,28.5,27.5,26.4
2021,SXM,Sint Maarten (Dutch part),26.4,26.4,26.5,27.1,27.7,28.4,29.0,29.2,29.3,29.1,28.3,27.0
2019,SYC,Seychelles,26.98,27.68,28.41,28.48,28.38,27.45,25.48,26.08,26.78,27.18,27.61,27.11
2020,SYC,Seychelles,27.28,28.08,28.24,28.18,28.08,27.08,26.38,25.98,26.48,27.21,27.01,27.21
2021,SYC,Seychelles,26.68,27.18,28.01,28.08,27.48,26.68,25.88,26.18,26.78,27.28,27.41,27.31
2019,SYR,Syria,7.57,9.75,11.83,15.55,24.18,28.68,29.58,29.93,26.55,22.35,14.37,9.79
2020,SYR,Syria,7.22,8.88,14.02,17.06,22.96,26.93,30.54,29.51,28.44,23.07,13.95,9.61
2021,SYR,Syria,8.86,10.93,12.49,19.13,25.08,27.56,30.84,30.41,26.05,20.87,15.13,8.73
2019,TCA,Turks and Caicos Islands,24.6,24.7,24.7,26.2,26.8,28.7,28.7,29.0,28.4,27.8,26.9,24.7
2020,TCA,Turks and Caicos Islands,24.4,25.5,25.1,26.1,27.1,28.6,28.4,29.0,28.5,27.7,26.0,24.4
2021,TCA,Turks and Caicos Islands,24.0,24.9,25.0,25.6,26.8,27.7,28.2,28.2,28.4,27.5,26.1,24.8
2019,TCD,Chad,21.87,24.9,27.64,31.01,32.05,31.67,30.25,28.41,29.84,28.55,24.73,22.29
2020,TCD,Chad,20.49,22.83,27.86,30.45,31.95,32.04,29.69,28.2,29.05,28.63,24.48,22.69
2021,TCD,Chad,22.05,23.54,28.11,30.26,32.08,31.66,29.64,28.93,29.31,28.26,26.26,22.29
2019,TGO,Togo,28.46,28.64,30.44,28.92,27.81,26.21,26.07,25.83,26.37,26.26,28.11,27.52
2020,TGO,Togo,27.59,29.63,30.77,29.99,28.94,27.28,25.77,25.26,25.97,26.8,27.88,28.1
2021,TGO,Togo,28.72,29.57,30.25,30.14,29.11,27.14,26.06,25.82,26.25,27.52,28.23,27.93
2019,THA,Thailand,25.03,27.15,28.71,30.45,29.81,28.66,28.25,27.44,27.22,27.57,26.11,23.93
2020,THA,Thailand,25.75,26.39,28.92,29.67,30.03,28.5,28.37,27.72,27.77,25.87,26.01,24.14
2021,THA,Thailand,23.09,25.58,28.56,28.41,29.2,28.52,27.89,27.93,26.92,26.76,26.11,23.85
2019,TJK,Tajikistan,-8.96,-7.54,-0.18,4.79,8.5,11.61,17.93,15.67,11.17,5.71,-3.81,-5.42
2020,TJK,Tajikistan,-9.9,-5.52,0.11,4.54,9.49,12.81,16.04,15.74,9.87,3.34,-4.27,-9.49
2021,TJK,Tajikistan,-11.03,-4.14,-1.65,3.95,10.37,14.68,17.7,16.22,12.23,3.41,-3.05,-4.95
2019,TKL,Tokelau,28.3,28.6,29.0,29.5,28.9,28.8,28.6,29.1,29.0,29.0,28.8,28.6
2020,TKL,Tokelau,28.5,28.3,29.2,29.4,29.6,28.6,28.8,28.9,28.8,28.7,28.6,28.4
2021,TKL,Tokelau,28.5,28.0,28.7,28.8,29.1,28.4,28.9,28.2,29.1,29.0,28.8,28.6
2019,TKM,Turkmenistan,6.03,5.79,11.7,16.26,24.26,29.23,32.3,28.66,23.01,17.3,6.1,6.44
2020,TKM,Turkmenistan,3.43,7.79,11.74,16.19,24.1,29.6,31.49,28.15,22.25,14.79,7.14,0.31
2021,TKM,Turkmenistan,2.63,7.31,10.02,19.87,25.74,30.72,32.29,30.28,24.48,13.61,7.9,6.38
2019,TLS,Timor,25.62,26.06,25.56,24.97,24.69,23.58,23.42,23.17,23.32,24.76,25.63,26.34
2020,TLS,Timor,25.78,26.29,25.44,25.34,24.31,24.6,23.74,23.87,24.62,24.85,25.81,24.9
2021,TLS,Timor,25.26,25.11,25.1,24.63,24.39,24.34,24.25,24.24,24.6,25.39,25.56,25.58
2019,TON,Tonga,26.2,27.1,26.3,25.5,24.4,23.9,22.7,22.5,23.3,24.3,24.5,25.5
2020,TON,Tonga,26.3,27.0,26.3,26.1,24.5,24.1,23.4,23.5,23.3,24.3,25.5,26.0
2021,TON,Tonga,26.9,27.0,26.3,25.8,24.7,23.5,23.5,22.2,23.1,23.7,24.8,25.6
2019,TTO,Trinidad and Tobago,25.13,25.53,26.19,26.83,27.28,27.18,26.98,27.18,27.58,27.18,26.83,26.32
2020,TTO,Trinidad and Tobago,25.73,26.13,26.19,27.23,27.58,27.12,27.08,27.48,27.63,27.03,26.43,25.68
2021,TTO,Trinidad and Tobago,25.43,25.53,25.78,26.63,26.88,26.78,26.82,27.08,27.53,27.28,26.58,26.08
2019,TUN,Tunisia,10.17,11.86,15.33,18.85,21.06,29.09,30.9,30.94,27.33,22.82,15.99,13.82
2020,TUN,Tunisia,12.17,13.89,15.05,19.51,24.17,27.28,29.67,30.76,26.61,21.07,17.52,12.5
2021,TUN,Tunisia,12.11,14.47,14.9,19.05,23.89,29.51,31.34,31.74,28.72,21.73,16.35,11.8
2019,TUR,Turkey,1.09,2.88,5.7,9.26,16.3,20.73,22.03,23.11,19.24,15.7,8.95,3.95
2020,TUR,Turkey,0.68,2.45,7.43,10.15,15.25,19.25,23.62,22.95,21.59,16.34,7.5,4.24
2021,TUR,Turkey,2.4,3.68,4.86,11.55,17.16,19.36,23.81,23.83,18.63,13.31,9.16,3.2
2019,TUV,Tuvalu,28.43,28.2,28.5,28.8,28.63,28.83,28.83,28.7,28.63,28.83,28.3,28.43
2020,TUV,Tuvalu,28.23,28.7,28.8,29.07,29.43,28.8,28.63,29.0,28.33,28.5,28.5,28.33
2021,TUV,Tuvalu,28.6,27.7,28.4,28.4,28.83,28.23,28.83,28.03,28.9,28.4,28.6,28.53
2019,TWN,Taiwan,15.52,16.02,17.63,20.93,21.81,24.14,24.87,25.22,24.4,22.46,19.44,16.97
2020,TWN,Taiwan,16.16,16.38,18.07,18.67,23.61,25.43,25.44,25.31,23.63,21.75,20.41,16.07
2021,TWN,Taiwan,14.44,17.31,18.71,20.26,23.67,24.95,25.54,24.62,25.27,22.32,18.7,16.43
2019,TZA,Tanzania,23.94,24.64,24.23,24.23,21.6,21.29,21.4,22.23,23.34,24.19,24.37,23.79
2020,TZA,Tanzania,23.84,23.5,23.69,22.83,22.53,21.51,21.07,21.88,23.08,24.65,24.33,24.22
2021,TZA,Tanzania,23.82,23.35,23.38,23.11,22.02,21.01,20.81,21.65,23.01,24.25,25.0,24.59
2019,UGA,Uganda,23.62,25.01,24.5,24.2,21.86,22.58,22.92,23.19,23.19,22.99,23.15,22.96
2020,UGA,Uganda,24.15,23.46,23.98,22.62,23.43,22.73,22.83,22.89,23.33,23.91,23.38,23.69
2021,UGA,Uganda,23.75,23.22,23.82,23.67,23.22,22.71,22.32,22.52,23.03,23.47,23.48,23.37
2019,UKR,Ukraine,-3.74,0.47,4.94,10.24,16.19,22.37,20.53,21.25,16.14,10.91,5.86,2.33
2020,UKR,Ukraine,0.2,2.0,6.02,9.45,13.2,20.91,21.8,21.57,18.05,12.79,3.9,0.12
2021,UKR,Ukraine,-1.67,-3.1,2.13,8.03,14.7,20.18,23.51,21.27,14.03,8.39,4.99,-0.85
2019,URY,Uruguay,24.2,23.31,20.79,18.69,15.91,15.22,11.14,12.17,14.34,17.59,21.79,22.9
2020,URY,Uruguay,24.0,23.82,23.63,18.12,14.85,13.29,10.55,14.21,14.48,17.18,20.97,22.57
2021,URY,Uruguay,24.24,22.99,21.75,19.65,13.44,11.88,11.54,13.15,15.71,17.81,20.96,23.94
2019,USA,United States,-2.38,-1.85,2.93,9.53,14.1,19.21,22.38,21.31,18.41,9.37,3.0,-0.08
2020,USA,United States,-1.85,-0.98,4.5,8.34,14.61,19.66,22.42,21.69,16.75,9.99,4.92,-0.38
2021,USA,United States,-0.98,-3.86,3.94,8.41,14.06,20.63,22.22,21.23,17.48,11.47,3.54,0.88
2019,UZB,Uzbekistan,1.68,1.87,10.1,14.67,22.52,26.54,30.61,26.11,20.05,14.36,2.68,2.89
2020,UZB,Uzbekistan,0.1,4.5,10.04,15.2,22.97,27.3,29.46,26.05,19.3,11.96,3.02,-3.39
2021,UZB,Uzbekistan,-1.66,3.7,6.81,16.77,24.61,28.84,30.26,27.8,21.28,10.79,4.32,3.1
2019,VAT,Vatican,8.2,10.1,12.6,14.0,15.8,23.6,25.7,25.9,22.5,19.0,14.2,11.6
2020,VAT,Vatican,9.6,11.7,11.5,14.5,18.9,21.2,24.7,25.9,22.6,16.8,13.9,10.4
2021,VAT,Vatican,9.7,10.7,10.8,12.9,17.1,23.6,25.5,25.7,22.9,17.2,13.8,10.4
2019,VCT,Saint Vincent and the Grenadines,24.5,24.6,25.4,25.8,26.9,27.1,27.0,27.1,27.3,26.8,26.4,26.1
2020,VCT,Saint Vincent and the Grenadines,25.1,25.3,25.3,26.3,27.4,27.2,27.1,27.3,27.3,26.5,25.9,25.2
2021,VCT,Saint Vincent and the Grenadines,24.8,24.7,25.1,25.8,26.7,26.8,26.9,27.0,27.2,27.0,26.2,25.7
2019,VEN,Venezuela,25.24,25.84,26.51,26.52,26.07,25.67,25.29,25.7,26.08,25.88,26.12,25.56
2020,VEN,Venezuela,25.69,26.33,26.65,26.72,26.18,25.5,25.4,25.77,26.03,25.92,25.7,25.25
2021,VEN,Venezuela,25.12,25.77,25.81,26.24,25.79,25.25,25.15,25.38,25.79,25.95,25.78,25.32
2019,VGB,British Virgin Islands,25.2,25.0,25.4,26.2,26.5,28.0,28.4,28.7,28.3,27.9,27.5,26.6
2020,VGB,British Virgin Islands,25.5,26.1,25.4,26.4,27.4,28.2,28.2,28.7,28.3,27.5,26.5,25.4
2021,VGB,British Virgin Islands,25.3,25.3,25.4,26.0,26.6,27.4,28.0,28.2,28.2,28.1,27.4,26.0
2019,VIR,United States Virgin Islands,25.6,25.4,25.8,26.5,27.1,28.5,28.9,29.2,28.8,28.2,27.9,27.0
2020,VIR,United States Virgin Islands,25.8,26.4,25.8,26.7,28.0,28.7,28.6,29.2,28.8,27.8,26.9,25.8
2021,VIR,United States Virgin Islands,25.7,25.7,25.7,26.4,27.2,27.9,28.5,28.7,28.7,28.4,27.8,26.4
2019,VNM,Vietnam,20.98,22.79,24.31,27.17,27.98,28.25,27.9,27.55,26.66,25.85,23.94,21.35
2020,VNM,Vietnam,21.84,22.03,24.71,25.48,28.43,28.36,28.08,27.53,27.06,24.37,23.72,20.92
2021,VNM,Vietnam,19.45,21.92,24.54,25.76,28.07,28.18,27.93,27.68,26.86,25.07,23.47,21.21
2019,VUT,Vanuatu,24.99,25.69,25.85,25.12,24.37,23.53,22.84,23.31,23.5,24.1,24.46,25.33
2020,VUT,Vanuatu,25.64,26.4,25.85,25.31,23.87,23.8,23.49,23.53,23.76,24.77,25.16,25.62
2021,VUT,Vanuatu,25.82,25.54,25.5,25.12,24.24,23.78,23.64,23.38,23.46,24.62,25.39,26.17
2019,WLF,Wallis and Futuna,27.7,27.9,28.1,28.2,27.5,27.7,27.4,27.1,27.3,27.7,27.5,28.0
2020,WLF,Wallis and Futuna,27.8,28.0,28.2,28.3,28.3,27.8,27.4,27.5,27.2,27.4,27.7,27.9
2021,WLF,Wallis and Futuna,27.9,27.3,27.6,27.7,27.8,27.1,27.6,26.4,27.6,27.6,27.9,28.0
2019,WSM,Samoa,27.8,28.2,28.3,28.67,27.6,27.63,27.2,27.6,27.4,27.6,27.6,27.9
2020,WSM,Samoa,28.0,27.8,28.5,28.5,28.5,27.43,27.3,27.5,27.1,27.3,27.5,27.6
2021,WSM,Samoa,27.9,27.4,27.9,27.8,27.87,27.13,27.47,26.5,27.5,27.7,27.7,27.8
2019,YEM,Yemen,19.6,22.0,24.35,26.84,29.26,30.59,30.72,30.02,28.95,25.56,22.42,20.72
2020,YEM,Yemen,19.12,21.3,24.17,26.54,28.94,30.22,30.33,30.13,28.67,25.27,22.16,20.46
2021,YEM,Yemen,19.45,21.53,24.92,25.92,29.17,29.97,30.11,30.27,29.06,25.11,21.96,19.76
2019,ZAF,South Africa,24.26,24.02,23.18,19.6,16.81,13.06,13.11,14.68,17.89,20.08,22.44,22.46
2020,ZAF,South Africa,24.22,23.73,22.07,18.44,15.3,12.62,12.04,12.52,16.57,20.14,21.36,22.81
2021,ZAF,South Africa,23.33,23.01,21.64,19.64,15.2,13.37,10.76,13.17,17.14,18.32,20.14,21.46
2019,ZMB,Zambia,22.94,23.78,23.17,22.38,19.89,17.79,17.9,20.91,22.73,26.4,25.93,25.12
2020,ZMB,Zambia,23.03,23.68,23.14,22.5,20.07,18.01,17.34,20.17,23.17,25.04,25.17,23.17
2021,ZMB,Zambia,23.24,23.49,22.9,22.0,19.54,17.84,17.44,20.39,23.9,25.0,25.18,24.61
2019,ZWE,Zimbabwe,24.44,24.65,23.98,22.53,19.61,17.06,16.76,19.78,21.55,25.97,26.45,25.77
2020,ZWE,Zimbabwe,24.62,24.52,23.53,22.28,19.19,16.78,16.0,18.79,22.1,24.46,26.28,24.72
2021,ZWE,Zimbabwe,24.59,24.53,23.39,21.69,18.7,16.85,16.07,18.84,22.45,24.21,25.73,25.56
